V1,V2,V3,V4,V5,V6,V7,V8,V9,V10,V11,V12,V13,V14,V15,V16,V17,V18,V19,V20,V21,V22,V23,V24,V25,V26,V27,V28,Amount,Class
-18.0185611876771,10.5586001882538,-24.6677412485732,11.7861803616399,-10.564656569212,-2.64568119936245,-18.02346767268,2.69365540308048,-6.21946362785238,-12.7447607871859,9.31813768535999,-13.3778574339457,1.02192386777466,-12.7843458873548,-0.451145843251939,-7.55136493140559,-11.3259968724596,-4.70125277749548,0.516317073274611,1.00770320533757,-2.31947946208034,0.908838783150801,1.35290370698024,-1.05922233762791,0.185750941504222,0.687037383632165,2.07808058379956,-1.42951702264525,1.0,1
0.288028928428076,0.965681439446855,-1.45949519977085,1.92186300234526,-1.91241402974899,-1.13028190025527,-2.81426265960526,0.648663224885543,-0.695262639845074,-3.46568908576121,2.35161910622909,-3.82670531942496,-0.767569849115369,-4.8528669146236,1.66486300420352,-2.61736133003734,-4.83555830647772,-1.92175160139324,-0.385884175181753,0.330916894188196,0.603127128021142,0.380690182113136,-0.0641251755885565,0.271380100640141,0.33721953478356,0.626155869423677,0.565124825956713,0.305925255390835,23.36,1
-2.58961719821269,7.01671438495857,-13.7054072869097,10.3432280604117,-2.95446103475574,-3.05511578527804,-9.3012886151434,3.34957336071614,-5.65421202641103,-11.853866972601,11.6692047358121,-17.2286622386187,0.0555715664836118,-18.4937733551053,-0.304172113519045,-10.6294973901353,-14.4412111342765,-5.10548646597228,1.2702262705049,1.48885519236896,1.88773772551451,0.333998184533223,0.28765904061745,-1.18640640906644,-0.690272670076388,0.631703772210546,1.93422076005943,0.789687172212655,1.0,1
-3.15898973247843,1.7654516187093,-3.39016804993175,0.9874099790721,-1.50993036564483,-1.28095213137771,-2.71955696702151,0.718324816575686,-1.66018323527908,-3.8410981507899,3.28282460993431,-3.90687694585664,0.951367704021229,-4.89818303490097,-0.551999608913709,-4.78744841664753,-9.33432947229458,-2.58024865554763,1.50157346167502,-0.0225898632000452,1.12053278888547,1.60508518555367,-0.618637378199115,-0.251282996939273,-0.240527821958069,-0.0043267561942135,-0.2354773111409,0.0181292220019296,84.28,1
-6.61629292560656,3.56342789803106,-7.05890129814843,4.28434595524384,-5.09629887292392,-1.76861780360559,-4.93755412732933,2.74845954534783,-3.79675959454545,-6.8254901042394,3.25959475409854,-6.94389061823948,0.43597516308899,-6.94701030902337,1.01100406527995,-6.16683742461485,-10.564346602529,-4.01018815310236,2.14350179519978,-0.54163415582255,1.21597610572025,0.0411777442210425,-1.05909770217904,0.275662062254882,0.057424927985318,-0.265838484019501,-0.514636936427821,0.388590269335523,254.76,1
-10.3008197578448,6.48309458751086,-15.0763627200288,6.55419115286706,-8.88025172157215,-4.47167242014489,-14.900688599735,3.84017023811699,-4.35844142237671,-14.5331616869738,7.58874088021049,-15.8357188077344,0.135035383391472,-11.5670059165135,-0.077026912374336,-11.4674297370042,-19.1729963590355,-6.96985638421183,2.21175583268581,0.113244363257218,1.50874842459643,1.04164209875775,-0.682789602968657,0.573543946252624,-1.6023889741646,-0.393520821299559,-0.468892515546761,0.105920160381125,1.0,1
-0.639191253440691,-0.0855947885921835,1.26545195854416,1.40116573166082,-0.260542078671007,1.00979457835355,1.30199897093176,-0.135257522932592,-0.431520921685507,-0.0913533730643921,-0.921051995675577,-0.61381552858098,0.198913055533638,0.0160870050482155,2.20626377523102,-0.527140627794259,-0.0572786796405291,0.448655661077036,1.16443546519237,0.861306751100051,0.340330752683629,0.76016976216338,0.353376975218638,-0.778892742566353,-0.0706811598435952,-0.0333546437243291,-0.0619624216383359,-0.0626865318467909,290.18,1
0.725645739819857,2.30089443776603,-5.32997618300917,4.007682804682,-1.73041059025206,-1.73219256822244,-3.96859261813707,1.06372815344105,-0.486096552344833,-4.62498495406596,5.5887239146762,-7.14824263637845,1.68045074096412,-6.21025774661028,0.495282117814298,-3.5995402092184,-4.83032424210571,-0.649090120211694,2.2501232487881,0.504646226103286,0.589669127323198,0.109541319229913,0.601045276521079,-0.364700278220039,-1.84307769215194,0.351909298434892,0.594549978086464,0.0993722360416487,1.0,1
-12.9809425647533,6.72050777097643,-13.4556359425571,8.69861009281133,-11.4795517833437,-2.68151865053833,-14.0192907576919,8.21819051252864,-7.93089996826719,-12.6959474039839,5.58936163192341,-11.9608660326622,1.53867076186333,-9.88721406724695,0.6339792179337,-11.3502438549644,-21.7101876525534,-8.85945192496352,3.62971365041526,-0.84330261969681,2.54962823474498,-0.532227763596568,-0.235096473604284,0.673209169467055,0.22659797207791,-0.0061678581900246,-1.18569550568181,-0.747361321404312,59.68,1
-24.5902447690465,14.0445667815106,-26.2787005866145,6.32008926518927,-18.2245126736673,-4.60996782569686,-17.6810033715155,16.2136267471409,-3.79409346877414,-8.37275316035861,4.90168265513877,-6.87283866404082,0.769776762734501,-6.82658448658054,-0.0544341798176028,-6.08495266503583,-12.375270529796,-4.81034474126699,0.936742237936608,1.64920202229571,1.77706277243531,-1.80487368611576,-1.14060456917063,0.152234466415679,1.71599702403257,-0.22047119903665,1.43495058143483,0.422491857762666,99.99,1
-29.2003285905744,16.1557014298057,-30.0137124857248,6.47673117996833,-21.2258096535165,-4.90299739658728,-19.791248405247,19.1683273897301,-3.61724178604255,-7.87012194292549,4.06625507293473,-5.66149242261771,1.29295014454242,-5.07984568135779,-0.126522740416921,-5.24447151974264,-11.2749725851252,-4.67843652929376,0.650807370688892,1.71586182428358,1.8093709332884,-2.17581520342142,-1.3651041075509,0.174286359566544,2.10386807204715,-0.209943999130567,1.27868097084218,0.372392714338541,99.99,1
-7.34795494690262,2.39704134824746,-7.57235581757844,5.17781925521834,-2.85483828261718,-1.79523877381611,-8.78323473517424,0.437156561210431,-3.74059750992972,-8.33286306292127,5.76318940883843,-8.70787929219866,-1.71694948774786,-9.57719439289905,0.146369002626258,-7.58649078643175,-12.5039309695675,-4.37563101237668,2.46519487038601,0.0731637913502985,-0.175273369741836,0.543325051876651,-0.547955067054245,-0.503721690122004,-0.31093277648824,-0.16398601754964,1.19789504657005,0.378186688214491,0.83,1
-5.31377384241729,2.66427399774238,-4.25070701802015,0.394707094952515,-0.391383377283543,0.683526139774215,-5.13367100176311,-7.90778989157428,0.215474664930064,-2.29773425918487,1.96148093151336,-1.94444112769897,-0.69255896504056,-4.3463476308633,-1.72692923293524,-1.82040477188062,-3.74648955100281,-0.880399311360603,0.267914551538718,-2.64290184721809,8.66466242953635,-2.71638258812677,0.483559093855452,0.0792347976258407,0.311065240462952,0.555544234123026,0.176740004036668,0.362906575787496,1.0,1
-1.64927881611351,1.26397355628777,-1.05082567399718,2.23799063903423,-2.52788923751396,-0.889939993137591,-2.35525367110661,0.85465864123984,-1.28124261677782,-2.70501138232752,1.17447506014201,-4.38191956749248,-1.22666589816604,-2.95382425341893,1.99416119386347,-3.30425391022094,-5.58579436647491,-1.64370403169872,2.11863332532912,0.0874063699474628,0.679176431149171,0.731907051356776,0.333045475501739,0.392505235969248,-0.274197297543759,0.802348667525187,0.390808552793314,0.11214553148245,112.45,1
-0.848290216565114,2.71988211593934,-6.19907019688041,3.04443718621919,-3.30190955339712,-1.99211683590396,-3.7349017657824,1.52007897310233,-2.54878817321614,-4.5335154033258,2.28802174654208,-5.26720466981905,0.394799950425324,-4.28799577702192,1.31527946674202,-6.46918689069948,-8.71392005149206,-3.7050697432532,3.53100289778427,0.319576271337295,1.12522925908799,0.805257864895713,0.199119186483276,0.0352062006310435,0.0121587630161963,0.601657823317562,0.137467682324392,-0.171396981067706,127.14,1
-5.83919161928092,7.1515323543223,-12.8167600806187,7.03111476501099,-9.6512721679897,-2.93842725771624,-11.5432071690832,4.84362653179436,-3.49427572506535,-13.3207888671784,8.46024444901677,-17.003289445516,0.101556614891384,-14.094451660329,0.747030766392512,-12.6616957230679,-18.9124938172188,-6.62697484523061,4.00892074227194,0.0556838813863639,2.46205591127559,1.05486518382957,0.530480596078193,0.472669814042592,-0.275997967880675,0.282435024801752,0.104886020210564,0.254417096767513,316.06,1
-4.61746102917986,3.66339525318756,-5.29744641020372,3.88095965427288,-3.26355091342907,-0.918546733700683,-5.7152620778107,0.831039550183167,-2.45703377841015,-5.72681709632961,3.52572598717089,-6.48911156043177,-1.01279063167124,-7.05231095228929,0.78444540329242,-6.77397674966222,-8.58807007314333,-4.51089174541971,1.14787783834912,-0.34645583270524,2.69817489528664,-0.0270808907137453,0.366775230313112,-0.123011441662663,-0.300456526768528,-0.239996239629945,-0.183463054061235,-0.0733597031884566,1.0,1
-2.01900071938148,1.49126972926361,0.0052218157286719,0.817253270463702,0.973252233873376,-0.639268312778292,-0.974072997078786,-3.14692889107659,-0.0031590736890201,-0.121653217684609,0.0243696057661544,-1.07381224038496,-2.00276910919169,-0.895433620751722,1.74893630108012,-0.103527023620705,2.03119574973193,0.31759835677742,0.38676063692414,-1.02996468249782,2.83959610796444,-1.18544284096841,-0.142811875801854,-0.0861029384113329,-0.329113253522425,0.523601226377288,0.626282771397878,0.152439938058669,0.76,1
0.0510754846328574,1.31042652386526,0.733222065309853,2.62028192286183,1.40235761449282,0.528488564738172,1.08601442622803,-0.146422713225732,-1.72433297471822,1.28016674259048,0.470864719590572,0.43554195900858,0.594974116113431,-0.142098601080574,-2.02473460275883,0.828290651436422,-1.27478714656577,0.134277305184542,-1.48943421708841,-0.125876996990695,0.229936134951611,0.766926566765976,-0.189623667620704,0.766852957965077,-0.141400750027805,-0.0772779620355944,-0.29759539535716,-0.221816034161724,2.47,1
-28.5242675938406,15.8769229879536,-29.4687320925264,6.44759140152748,-20.7860000418837,-4.86561341755669,-19.5010840750712,18.7488719520883,-3.64298981925263,-7.93964241937325,4.18467368942509,-5.83507521523889,1.21595964527928,-5.33014378246253,-0.118631138153322,-5.36777527618834,-11.4317569116986,-4.69692444373293,0.69268841200477,1.7068890619925,1.80576978392608,-2.11937616760819,-1.31744962200248,0.169845630469178,2.05168733506275,-0.210502000459411,1.30173396497076,0.380246181418509,99.99,1
-2.3122265423263,1.95199201064158,-1.60985073229769,3.9979055875468,-0.522187864667764,-1.42654531920595,-2.53738730624579,1.39165724829804,-2.77008927719433,-2.77227214465915,3.20203320709635,-2.89990738849473,-0.595221881324605,-4.28925378244217,0.389724120274487,-1.14074717980657,-2.83005567450437,-0.0168224681808257,0.416955705037907,0.126910559061474,0.517232370861764,-0.0350493686052974,-0.465211076182388,0.320198198514526,0.0445191674731724,0.177839798284401,0.261145002567677,-0.143275874698919,0.0,1
-1.92788332105459,1.12565266367046,-4.51833064132991,1.74929253346589,-1.56648729197754,-2.01049423115212,-0.882849830858081,0.697211109261327,-2.0649452874475,-5.58779378195338,2.1157951772133,-5.4174240819973,-1.23512263142388,-6.66517689463338,0.401700686738171,-2.89782511671737,-4.57052943365069,-1.31514721385427,0.391167040935071,1.25296673470361,0.778583978950071,-0.319188818860513,0.639418961153121,-0.294885040380029,0.537502535542985,0.788395056528708,0.292679966295281,0.147967928722538,390.0,1
1.02387386852139,2.00148526626613,-4.76975183220974,3.81919458538265,-1.2717542273697,-1.7346624268403,-3.05924503160896,0.889804791975203,0.415382113237262,-3.95581234352737,3.57205481558784,-7.18645159050588,0.147242340802109,-5.24930454889762,1.67833367358535,-2.64147310915178,-1.31205856007348,-0.391716050952505,1.11826355175812,0.204137684042271,0.343282648722251,-0.0541956644068491,0.709653952497143,-0.372215866946976,-2.03206836614816,0.366777602071192,0.395170669257609,0.0202055389458413,1.0,1
-1.3094413460044,1.78649494921925,-1.37107024042555,1.21433549160762,-0.336642221570741,-1.39011986486896,-1.7091091066305,0.667747590382643,-1.69980879955917,-3.84391103993778,2.96259879138962,-3.95604520140947,-1.53923191944683,-4.63463139323434,-0.248403490673103,-2.05855138409951,-5.63549400383391,-0.775271204300359,-0.23930965408033,0.253464129147281,0.533521286327158,-0.0221799534199139,-0.299555851230085,-0.226416167090146,0.364360460778096,-0.47510178544057,0.571426303828437,0.293425836896259,1.0,1
-27.84818067198,15.5981926625554,-28.923755945104,6.41844174657532,-20.346228155413,-4.82820246578157,-19.2108964179086,18.329405525597,-3.66873493861418,-8.00915938639777,4.30309581759563,-6.00866000668561,1.1389688287939,-5.58044712038062,-0.11073711578577,-5.49107326163426,-11.5885435992809,-4.71542017123115,0.734573493016404,1.69785626318366,1.8021491336386,-2.06293427611466,-1.26984343615924,0.165409188492223,1.99949911253199,-0.211058522431997,1.32480949279508,0.388090177732107,99.99,1
-25.825982149082,19.1672390103062,-25.3902293121699,11.1254347149714,-16.6826439195391,3.93369943022963,-37.0603114554112,-28.7597989339836,-11.1266235224579,-23.2282548357516,3.7859770496129,-10.5224940129243,-2.65749636392801,-3.79279543594993,-4.49894467676621,-6.55787310177539,-12.8672447953713,-5.80459047549908,-1.25446534452587,7.90737812724062,-16.9220157786505,5.70368400806478,3.51001884069223,0.0543302268964685,-0.671983312405663,-0.209431359115655,-4.95002186384908,-0.448412770754799,2.28,1
-2.15085504470997,2.18791662800118,-3.43051589218087,0.119476214172018,-0.173210022248717,0.290699943542092,-2.80898761953492,-2.67935050574045,-0.556684932588288,-4.48548270396242,1.90399926160786,-2.64421945060054,-0.982272877372442,-4.69115085524464,-0.6930797524851,-2.55325078310516,-3.48343626722796,-0.0648523857005649,1.49032876283779,0.53214542192165,-0.0732053058243562,0.561496277430611,-0.0750342624995709,-0.437619179374193,0.353840756362622,-0.521338535540234,0.144464860203719,0.02658811547881,50.0,1
-2.78724793061533,-0.0713403777285035,-1.50528777523306,3.36177713733967,-3.35742166883665,0.565834734346537,0.303653111125521,0.966914484943676,-2.24588195188782,-3.65142656863483,0.987277021963291,-3.83478156926117,-0.961354142524746,-3.18216808481143,-1.1260022842247,-2.95430081252595,-5.84121800175148,-2.91043029785417,-1.15585017273094,1.60739677185147,0.882940442444742,-0.246201930041865,1.75222678458672,0.219924964544368,0.15628169505776,-0.265894317684036,0.220694023253282,0.256076869786525,730.86,1
-4.69679522444504,2.69386747884008,-4.47513271259153,5.4676845487781,-1.55675807549758,-1.54942028904253,-4.10421487278526,0.553934075416293,-1.49846813107494,-4.59495176285009,5.27550585077254,-11.3490285500915,0.374549235103921,-8.13869488434773,0.548570894168134,-6.65359434741365,-10.2467554066001,-4.19106626655491,0.991486122257293,-0.158970548660611,0.573898081112651,-0.0801627753981571,0.318407817148194,-0.245862202650853,0.338238431564141,0.0322706213908033,-1.50845793363219,0.608074682590101,0.0,1
2.09190018751563,-0.757459362256544,-1.19225763407193,-0.755458092963448,-0.620323625943217,-0.322077026663935,-1.08251065680614,0.117199961876445,-0.140926651717943,0.24931080342673,1.33831754595819,-0.329759339656804,-0.363591188943619,-1.82483910494673,-0.229678513727838,1.84234692345975,1.19421171382239,0.0374666576390236,0.423099369076423,0.0374375437836754,0.288252720367131,0.831939310447442,0.142006990607899,0.592614974257539,-0.196143145198634,-0.136676262268618,0.0201823653167864,-0.0154697051692816,19.95,1
-5.31417320646342,4.14594361146639,-8.53252245892907,8.34439167363678,-5.71800820787464,-3.04353608094129,-10.9891846672722,3.40412865609659,-6.16723364181153,-11.435623996076,7.67453383416429,-14.2960914258331,0.526938923712363,-15.4450258118019,0.991651201275811,-12.3913460034009,-22.5416517287861,-7.98672065349455,2.99255446334225,1.15001731865814,2.33146580801509,0.862996305559532,-0.614453237551036,0.523647877136623,-0.712593271662611,0.324637964828057,2.24509146635599,0.497320848969724,88.23,1
-1.32278906321956,1.55276821126964,-2.27692070362638,2.99211739124618,-1.94706392017319,-0.480288250384527,-1.36238752318047,0.953242226598613,-2.32962885992389,-3.39355348115172,3.1284396921776,-3.57039373078107,-0.595198191474463,-3.98841505479623,0.995905842419722,-2.84378455855144,-4.82624611607161,-0.703883464864473,2.15221455770756,0.988493486888991,0.614968996752659,-0.195199717277462,0.590711261700839,-0.233377663885038,-0.164285286785183,-0.27749787053455,0.428610084734921,0.246393746180351,270.0,1
-5.68501341827133,5.77651621042963,-7.06497672861513,5.90271545151069,-4.71556383098609,-1.75563332378958,-6.95867914257843,3.87779518702774,-5.54152882782373,-7.50211219093686,3.67670318691664,-7.64298306727846,1.68986512270453,-8.29965953059956,0.646996364810759,-6.79279505972775,-12.075932061394,-4.88217964265137,2.62662452479163,0.299488632233821,1.12864107441301,-0.962959729230981,-0.110045083655872,-0.177733240766768,-0.0891754157062679,-0.049446723229275,0.303444581632884,0.219380438614266,111.7,1
0.218810192243952,2.71585507956703,-5.11165783900784,6.31066097414859,-0.848345064871295,-0.882445799257676,-2.90207924674704,0.939162177941683,-3.62769814154945,-1.87333085278999,1.2038344844503,-6.17262991831307,-0.921364296717084,-3.94196510459461,-0.0622213828788873,-5.241049107605,-8.15282937205818,-3.24343644496687,1.93548375407006,0.381681938895485,1.08364021161907,1.03732380245639,0.0623251382602846,0.532489603801304,-0.149144855297463,0.639579645658501,0.351567637719089,-0.0018165149574627,0.76,1
0.447395553302475,2.48195386638743,-5.66081393141405,4.4559228120932,-2.4437797540431,-2.18504026247234,-4.71614294470093,1.24980325173147,-0.718326066573691,-5.3903302556601,6.45418752494833,-8.48534657377678,0.635281408794591,-7.01990155916612,0.53981407134798,-4.6498642988132,-6.2883575087823,-1.33931232244731,2.26298478762517,0.549612970886705,0.756052550277073,0.140167768675,0.665411100673545,0.131463791724986,-1.90821741154788,0.334807598686864,0.748534284767756,0.175413794422896,1.0,1
1.08837493830851,0.898474023721059,0.394684329076182,3.17025757451452,0.17573879687403,-0.221980885195245,-0.0229887284923858,-0.0108735366656839,0.860043617194172,-0.592472935320844,1.07272839973578,-2.54755681422931,1.23595005675711,-0.330305803751441,-1.02235437464957,0.335642172519614,2.29899822072815,-0.1620962094812,-1.53270721248432,-0.217358192249005,-0.423553904215867,-0.800852284805578,0.0776144554303444,0.167608452574198,0.350181817443194,-0.118940929478619,0.0129477659306532,0.0542542721018558,3.79,1
-0.670238130057305,0.94520635153406,0.610050626297701,2.64006508673377,-2.70777462644103,1.95261056051566,-1.62460819938343,-5.22990786160988,0.21020202822781,-2.06990438955593,-0.529805728295342,0.999716276092526,-0.0861120244186652,-1.50855714024168,-0.450669492347937,-0.328387382736473,2.27027117814029,0.709666017682026,0.913175997078955,1.4749287568126,-2.50445018690737,1.43647237841825,0.351542386126581,0.648466904268149,0.579681417358758,0.0757375933335965,0.346717084034013,0.282208626038179,323.77,1
-1.37442438802593,2.79318461104641,-4.34657205544607,2.40073141993213,-1.68843271426041,0.111136092520939,-0.922037621262745,-2.14992997529601,-2.02747375610927,-4.39084192218279,1.24195817554592,-3.91052150018815,-1.22563629923953,-4.69799687128777,0.676108304106939,-2.07706554161602,-2.68352089790884,-0.525949332550218,0.42234244481934,0.650195855719888,-0.870778521555015,0.50484915999462,0.13799426850986,0.36827456897565,0.103136654803567,-0.414208828090744,0.454981584858352,0.0967109642319915,349.08,1
-0.481531150954278,1.05954227713479,0.647117402910268,0.905586233912649,0.81936824001549,-0.0911835663506086,0.504134851323607,0.161064336313081,-0.765053776949662,-0.55054534794377,1.48028602025778,-0.105359122514952,-0.804841454759319,-0.819901849432008,0.916881766469427,0.201150538864914,0.874890632270019,0.941476678511478,0.272698476205832,-0.0425151328862889,0.0706328691882125,0.192490772493404,-0.174659253437827,-0.438908072947488,0.239258996609831,-0.217823405004998,-0.0728522476980958,0.0104633125817071,1.0,1
-1.17218291948653,1.66171286952217,-3.04963701906308,2.55505843390024,3.66903461419474,-3.16299837227475,-5.98564011625334,-2.17993523861597,-1.12029227657092,-3.07555830950402,0.997448763245357,-3.19191476820242,-1.51485677577243,-4.2672960668817,-0.159553975172285,-2.91646262843242,-2.81990611139418,-1.41723080093652,0.32519494288717,0.548106363466502,-0.812097797287015,-0.295360725931063,-5.98880644277407,0.714380801225346,-1.60002359150788,-0.634782934267927,0.822713228036362,0.494375178430933,2.0,1
-0.361427838541789,1.13347191665669,-2.97136044013455,-0.283072525739314,0.371451592836109,-0.574679962140979,4.03151344147581,-0.934397840999575,-0.768254682100259,-2.24811517395215,-0.482409384022894,-0.690550364277623,0.181274905167329,-2.37255179777895,-0.0068680461366328,0.146399068662885,1.75931419392615,1.08303951438991,-0.391047742407487,-0.0258616224927044,0.110814637422018,0.563860612681898,-0.408436059432732,-0.880078912517905,1.40839232295512,-0.137402363335706,-0.001249817072624,-0.18275089691206,480.72,1
-2.62892199481027,2.2756363708417,-3.74536934909195,1.22694819658893,-1.13296649495042,-1.25635309994595,-1.75241984877631,0.281736387178617,-1.7923429718137,-4.82077941422469,4.17609762346479,-4.61900987976999,0.742689541505504,-7.63696288811138,-0.197887605182768,-4.14039566725884,-7.60471483249934,-1.52450539738207,1.27132193138436,0.133106474791523,0.870729582435536,1.26947278909845,-0.265494007565328,-0.480548610900827,0.169665130870596,0.0960810570397914,0.0700362725602789,0.0637683649579152,144.62,1
-0.0796525365521887,3.22201046223725,-3.7242013893074,6.03734512826846,0.583394746331946,-0.691346179707007,-1.79988483348006,-2.62778128431688,-4.00133786259094,-2.27152578398956,1.51389817939856,-3.68294346446482,0.185830426148668,-4.69278763834241,0.247495674947084,-2.68188105082889,-2.28614467887841,-1.04884490280911,0.994829500437418,1.1985372847387,-0.664694294683722,1.13855644649209,-0.350753364122197,-0.287467300585566,0.808889022979463,0.823961705381379,0.668496565754242,0.595609828713858,1.0,1
1.14625926661879,1.40345824321907,-4.15914819129688,2.66010705652321,-0.323216826628972,-1.83607089433649,-1.62374005926978,0.259562498148672,-1.13204414952948,-3.35647371355361,3.64647783754223,-3.00268415590657,-0.647500580265193,-5.94500331282299,0.17465003740523,-1.47563951431173,-3.08227352537105,0.224739755103275,-0.300930778531616,0.284830655578029,0.564449516452437,0.445743911757892,-0.141136197426929,-0.265517116377678,0.362259920457956,-0.416062097561802,0.507369852566067,0.243744113775662,51.37,1
-1.00061051985933,3.34685000184439,-5.53449117133595,6.83580203854396,-0.299803293657807,0.0959512989990878,-2.44041927394713,1.28630119597073,-2.7664382829404,-4.45800770078481,4.69653339192897,-8.76211333956078,0.985826601093264,-7.32027202211023,-1.06384045772504,-3.37112471078725,-4.25115786762875,-0.43005729986925,1.80401333906519,1.18981379228675,0.439756764345897,-0.694099203587273,0.299660329499667,-0.657600627722995,0.101647558980344,0.430457439169415,0.824685450418745,0.326952273050223,186.13,1
1.14086473658976,1.22131743135767,-1.45295546048243,2.06757505760281,0.854742052227546,-0.981222507744598,0.325713913670098,-0.0377214068783676,0.113219371615132,-2.12697274994354,0.915947028928619,-0.468571538051367,-0.523377293666349,-4.86186658087283,0.421013353871263,0.866440624739209,4.08248488419359,1.1963181517001,-1.10076358353881,-0.0677120411898438,-0.377597095255037,-0.79345965987036,-0.132333171548173,-0.33158626897425,0.664877856718148,-0.309312434134138,0.099941947375597,0.122988311929089,1.0,1
-11.3977267217611,7.76395304621262,-18.572307456296,6.71185525207739,-10.1742155991554,-4.39591833120843,-15.8937882429266,2.08301258152135,-4.9888371802491,-15.3460988468775,7.09318207259894,-14.9797547574476,-0.148288045224015,-9.93567958156078,-1.16199939019334,-11.6468338293624,-18.3838524599849,-7.40273080415809,1.94169681013401,0.208879130047717,0.339007373241803,1.34292261443867,0.239217367154604,0.534644166424257,-0.174964905765612,-0.500240426616998,-1.72206026726614,-0.574339363297002,11.4,1
-25.9424344479142,14.6019980426299,-27.3686502881266,6.37839460769688,-19.1040334039646,-4.68480620428185,-18.2613929340355,17.0525663121462,-3.74260500983864,-8.233721369876,4.6648362538527,-6.52566786025865,0.92375858946558,-6.32597461208273,-0.0702237027595964,-5.83836021908828,-12.0616957125199,-4.77334851403019,0.852969608454831,1.66730429040185,1.78431598423494,-1.91775921336107,-1.23578743924962,0.161104731783341,1.82037804128869,-0.2193590586868,1.38878576213598,0.406809649908512,99.99,1
0.333499490680108,1.69987344643198,-2.59656116696059,3.64394526899047,-0.585067615145778,-0.65465853161144,-2.27578851019488,0.675228968561644,-2.04241592376479,-2.83487115980611,2.80200512615164,-4.39273243849001,-1.36967144973756,-5.32728665168661,0.16315896154,-1.35938947657172,-5.09518287931609,-0.338012656200231,-0.124137989024621,0.32934171405761,0.469211944535006,-0.144362651206432,-0.317980934036568,-0.769644309522666,0.807854587509663,0.228164299217237,0.551001873896763,0.305473419992231,18.96,1
-4.86810843844627,1.26441977404559,-5.16788542660662,3.19364784504611,-3.04562137708228,-2.09616609885545,-6.44561018266068,2.4225355920307,-3.2140554159387,-8.74597261185534,5.41604190908794,-8.16412507731485,-0.165010607208302,-10.1935303551514,-1.89521031032574,-7.36047460938421,-14.6687710766351,-4.87711900477519,1.38560952778492,0.66730977994879,1.26920538901712,0.0576572516592633,0.629307399675982,-0.168431773502721,0.443743902404587,0.276539471570389,1.44127396787951,-0.127943726430018,12.31,1
-6.68283191622627,-2.71426804459821,-5.77453045690806,1.44979237466742,-0.66183640822251,-1.14864974026029,0.849686456067088,0.433427022470355,-1.3156463890999,-2.79633153858609,-0.448793725596362,-2.56260240774572,0.243482526844698,-1.18166939064494,0.004372871675287,-2.3025956900034,-4.446191868553,-1.71046314846621,0.982728632705372,-1.92852719254856,0.22052629481591,1.18701320438743,0.335820816532534,0.215682964100827,0.803109991522633,0.0440333423786634,-0.054987627978561,0.0823370925160337,237.26,1
-3.29112509261551,4.4011941515981,-8.39421162258901,4.45357956949695,-4.79005451824953,-4.24018208232724,-9.21900099642753,1.97402995723142,-2.91294270907847,-13.540168238225,9.41303953977606,-18.0475965708216,-0.728186553999085,-15.3930448312636,0.3494850489774,-13.30388757707,-21.2979057823155,-7.26231079476482,2.27422550991903,1.4908691418867,2.10234346771868,0.597370314627801,-0.328086184026121,0.445752402449364,0.585280580866405,-0.399005421878678,2.11600444233121,1.05074380386505,1.0,1
-1.92745281973369,1.82762056700016,-7.01949468454197,5.34830323951426,-2.73918788004738,-2.10721929638307,-5.01584797563431,1.20586815982046,-4.38271250852199,-8.33770697381781,7.19030608944843,-9.42484446049178,-0.223292646427513,-12.8754942229841,-0.071918160688794,-6.2999613976222,-12.719207160428,-3.74017615583058,0.844059610296466,2.17270905626492,1.37693832294098,-0.792016725563067,-0.771414187530036,-0.379574271539528,0.718716522008066,1.11115125599517,1.27770725705846,0.819081152045361,512.25,1
-5.22296817637504,4.64182734988813,-8.85820420925725,7.72350199432307,-1.50703495625849,-2.15948357376289,-4.20516409588397,0.979334284202064,-1.50563737438727,-2.23906626105695,4.23139330449617,-8.49348798082106,-1.09281084673483,-13.2375585139603,1.1840864824863,-4.18641517783122,-5.49253578625626,-1.21610811302066,1.04610451099676,-0.176673248133323,0.561892173950775,0.624206816460912,0.536428910734314,-0.628333712411096,-0.222651230551295,0.382208361920644,-2.6930356893785,0.407935125898827,1.0,1
-6.71340697159693,3.92110415204576,-9.74667821737542,5.14826254938013,-5.15156271985187,-2.09938865681113,-5.93776683170198,3.57877960420447,-4.6849517505833,-8.53775768653457,6.34897930341209,-8.68160893168352,0.251179384774619,-11.6080022570993,-0.351568782034355,-5.36356643348466,-11.9390915052116,-3.58360287020043,0.897402406121681,0.135711322729059,0.954272201927517,-0.45108644858101,0.127214424071711,-0.339449869297565,0.394095513633807,1.07529509891805,1.6499059092424,-0.394905372194808,252.92,1
0.1149650477972,0.76676154669164,-0.494132199415659,0.116771978233793,0.86816853524791,-0.477982006349535,0.438495665220681,0.0630733402552484,-0.186207089214194,-0.159325098707444,1.20030360709416,0.281744446861465,-0.623844030466212,-0.658246292064356,-0.155888356613225,0.0562273489244218,0.653662125212474,0.33465531172159,1.02892683645358,0.0621985703923592,-0.284412898740297,-0.706865471630836,0.131404855625717,0.600742122018719,-0.604264275304309,0.26293785502267,0.0991446312768992,0.0108097183119463,4.49,1
-29.8763655139763,16.4345245512223,-30.5586968214292,6.50586178736296,-21.6656542956569,-4.94035632949796,-20.0813910746494,19.5877726234404,-3.59149104711596,-7.80059820772759,3.94783971729026,-5.4879114860488,1.36994034924206,-4.82955244300835,-0.134412095441135,-5.12116240451142,-11.1181904509172,-4.65995586983801,0.608930080519071,1.72477883837961,1.81295397464878,-2.23225158753151,-1.41280344282556,0.178731069561437,2.15604185816706,-0.20938462411377,1.25564890085966,0.364530452975509,99.99,1
-7.38154698606367,-7.44901515872674,-4.6962865237175,3.72843914957409,6.19830434711234,-6.40626663445964,-5.83145156036761,1.45717491941563,-0.6462025802667,-4.02912871953916,2.52894302060173,-3.308721722205,-1.99200968898389,-5.75721608217278,-0.877323474271716,-1.54755182348258,-1.90901678581052,0.500567470429737,0.136722438174659,2.93275812573212,1.17657484784395,-0.978692051214679,-0.278330343454922,-0.635873793806618,0.123539440325404,0.404729308452323,0.704914653621431,-1.22999168169143,35.0,1
-19.8563223334433,12.0958932259299,-22.4640827464876,6.11554110191771,-15.1480215209615,-4.34672408349599,-15.6485074722661,13.2768048056341,-3.97416161954102,-8.85919405880884,5.73081553744459,-8.08803351213651,0.230824969324902,-8.57897327333454,0.000946636693186,-6.94774606726094,-13.4728970076501,-4.94021082886802,1.23014255193802,1.58292955492187,1.75072984045421,-1.40963570908141,-0.809809278333882,0.121396659905885,1.35030007077468,-0.224291873525585,1.59762136835254,0.476919818025438,99.99,1
-2.3493399641893,1.51260401518904,-2.64749719609623,1.75379247237301,0.406327950335496,-2.18849400496996,-0.686934747748875,-0.547984409288573,-0.0995281132954432,-1.67234597814111,2.17297610055437,-3.10347667138871,0.217560544573622,-6.03440257566619,0.164400705894815,-2.38382603356602,-4.16647877527802,-1.77239694698232,-0.526280794204029,-0.0934214753719124,-0.0885194213942628,-0.595178282040403,0.258148130014773,0.0619011334336728,-0.35418019381022,-1.15267106612603,-0.736072755373029,0.733702732493917,4.9,1
-7.22273130585545,6.15577293013926,-10.8264598371575,4.1807791786876,-6.12355510135628,-3.11413648152623,-6.89511228298774,5.16151637665229,-2.51647653288733,-6.40337055173194,3.18605794805635,-6.85557098142662,-0.837722614772195,-8.03661487513855,0.956969643768367,-4.55719345408278,-7.65470424350142,-2.58841864362628,0.718555009324824,0.818859416826789,0.91270032192132,-0.630358133073199,0.190886662173033,-0.0612634320139128,0.379774656663009,-0.266845465234688,1.19369457713473,0.257468457389868,99.99,1
0.842025258809961,-0.365518405631879,-2.46406333105633,4.82088596439253,0.775505434320733,-0.614784604613805,1.36802439952459,-0.526261741999926,-0.121356446796038,-0.357616193093852,0.637766685379952,-2.81888227036892,2.36059541417279,-1.10869894034456,-1.44995109474769,1.57373987380152,2.20265154365361,0.800471466568041,-2.10358290329291,0.944915098074741,-0.110621878759425,-1.25780002613606,-0.324418362936717,-0.420020001036393,-0.219501077925226,-0.268872635957687,-0.144582319033867,0.104464060190998,571.48,1
-0.956390354534089,2.36159360978361,-3.17119460723168,1.9707587789256,0.474761353851904,-1.90259820435779,-0.055177812186404,0.277831228585655,-1.74585416512772,-2.5166280017922,0.874051625366684,-2.51310432869389,0.0215750823066827,-3.56511884467947,0.461153428310475,-2.01571274629308,-1.7314131905532,-0.465814727140309,0.527619755594392,0.19087690343816,0.4732110860249,0.719400298090367,0.122457847823505,-0.255649852132098,-0.619259299031992,-0.48427999484406,0.683534592892906,0.443299499267762,39.9,1
-2.04260819938332,1.57357807373238,-2.37265243271278,-0.572676430720841,-2.09735276458226,-0.174142123011242,-3.03951978687359,-1.63423295064356,-0.594808638750073,-5.45960189444545,2.37853722491518,-2.33027064686235,-0.24623272486659,-4.05852343611281,-0.316983146603949,-2.52266081131673,-5.60340034818128,-0.778439963776289,0.860211793588662,0.825565985313424,-0.723326195587733,0.501221637302624,-0.696892260580304,-0.600513726439022,0.127547028812739,-0.786072220292301,0.606097322391548,0.171696507911815,261.87,1
-1.06067628419757,2.60857946990866,-2.97167900258071,4.36008935234848,3.73885304346426,-2.72839507263672,1.98761635466291,-0.357344707416169,-2.75753451251209,-2.33593332652232,2.11151686706104,-2.59194964968951,-1.9505893546741,-7.31157981735935,0.0777527657738322,2.29060783198994,6.50927165018434,2.56997142628646,-3.28615008214787,-0.0890615369649179,-0.0631678773494982,-0.207385284031508,-0.183260817119722,-0.103679373403096,0.896178353364318,0.407386872028391,-0.130918311231478,0.192177382137495,0.68,1
1.11833065981936,2.07443887131076,-3.83751827706316,5.44805969239449,0.0718159680535395,-1.02050922759556,-1.8085744418815,0.521743506077524,-2.03263824879436,-2.73279196653765,3.2740753098509,-3.541687479312,-0.946820179878694,-7.55572894101666,-1.7670051458427,-0.642332574056763,-2.11442919291931,0.183327412773884,-1.17779250651196,0.163513485137887,0.289861124197445,-0.172718010367512,-0.0219095177813472,-0.376560088595995,0.192817419134693,0.114107224212598,0.500995608471866,0.259533270224708,1.0,1
-1.067713272294,5.26231210944906,-8.4385670664835,7.31648729995658,0.0082535729164869,-2.12593631959976,-3.3070357352934,1.86983752340028,-4.52258362448849,-5.17281182346005,5.59112619350265,-5.64041745782421,0.784510038605689,-12.0438056158463,0.353814874886981,-1.92055816814255,-1.87992827944447,0.679751299229409,0.797641375455208,0.821404548671474,0.547789786518153,-0.491959821843257,0.0559141341245579,-1.14536853471475,0.0689513455242996,0.535054734945035,0.539263072143882,0.124255055772618,0.77,1
2.13238602134104,0.705607819703042,-3.53075873641584,0.514779310643757,1.52717469821568,-1.71626826866624,1.13279092955315,-0.574214355395823,0.128903890816348,-1.00080505203989,-0.191190536963042,-0.323794189703165,-0.572455950927237,-1.42206385294204,0.314684199046673,-0.387162054366978,1.73474160368315,0.610975987993976,-0.221267207742386,-0.211167179112658,0.163739121720823,0.703910440133969,-0.24507615703343,0.460049173768465,0.920280992581626,-0.216585741807507,-0.026218563758315,-0.0250012963633226,1.0,1
-1.02063166582361,1.49695912243222,-4.49093711758335,1.83672705849852,0.627318467501556,-2.73556861001066,-1.54627364241291,0.459821576439238,-0.68274140597399,-4.36310219273296,4.28702087961434,-5.40376835689762,1.26026230900043,-3.08774290682652,-1.31748806297981,-3.53705628406879,-3.17202752176385,-0.52988508450368,1.01162645030639,0.443488532055906,0.773630966413973,0.86061818130652,-0.304666447555476,-0.155499583027691,0.41216629075428,-0.220079647308722,0.392337584118175,-0.0200894870934853,22.04,1
-5.48803217118325,3.32956068110382,-5.99629608663308,3.6017196361428,-2.02392603601173,-1.73739347660971,-4.39685932040737,0.228394067739377,-1.67588392283112,-3.99178463209724,3.73703768128326,-6.15018666957144,0.28873807103962,-8.76069451926062,2.3446511946564,-5.14563785073948,-6.29347862779442,-2.13718660093444,2.99524475453849,-0.551121114938378,1.71963125994928,0.343209160294469,0.133583641611928,0.833339534034596,-0.839775663207077,0.502009639296227,-1.93747284570186,1.52121837279368,0.01,1
1.83319104756006,0.74533277919767,-1.13300871289587,3.89355597724996,0.85816381687158,0.910234501320998,-0.498200069408129,0.344703185766382,-0.667939095579291,0.398155064675901,0.613867739096179,-0.0225614827826197,0.452018065249222,-2.96920095585607,-0.964967034325346,2.46444980239245,0.671240576431668,1.92102109165871,-1.61692658827377,-0.0855787549071908,0.0392894902587427,0.181651614823537,0.0729809106352829,-0.15529884930206,-0.149891395375819,0.0127924878401756,0.040853819187149,0.0229031158842699,17.39,1
-1.81328048476897,4.91785071056565,-5.92612969400656,5.70150043141163,1.20439257214362,-3.03513754815611,-1.71340206347108,0.561257390902032,-3.79635425171163,-7.45484065078351,7.38805512292025,-10.4752286504099,-0.379314526756117,-11.7367291212569,-2.08698895215593,-2.44235398293755,-3.53552351168246,0.130360306640887,-2.07145048844325,0.576656033332069,0.615641835107552,-0.4064272753179,-0.73701807643754,-0.279641772215917,1.1067663744335,0.323885477719453,0.894766671515833,0.569518600269514,1.0,1
-1.46531575579616,-1.09337687781209,-0.0597678482279439,1.06478463530602,11.0950886001596,-5.43097128323669,-9.37802517086658,-0.446456139679101,1.99210961400888,1.78592177154007,1.36858453419511,-1.47169658834377,-0.72475884619705,3.44242199594215,-0.957403224855046,-1.62612941891216,1.41821495932655,-1.41791682839858,-1.65176618071699,-1.4576102135585,1.16062328833533,-1.2596968082996,-15.9816491909559,-0.883669935248733,-3.53671623161143,-0.59296488849027,0.675524833181225,0.424849351792902,0.92,1
-1.29844323295373,1.94810044909488,-4.50994688793757,1.30580476704534,-0.0194859272181987,-0.509237783834405,-2.64339761889288,1.28354519416721,-2.51535570266591,-4.50131480977758,2.09307500991474,-5.41888894354848,-1.2470137120242,-3.82826817896473,0.399050336571034,-6.36649950945483,-7.5509680917538,-4.90276666632221,0.152892032043683,0.250415437314689,1.17803195025635,1.3609885807297,-0.272013060161758,-0.325947896160404,0.290702673395833,0.841294588482068,0.643094248950207,0.201155749649851,0.01,1
-2.16992897559082,3.6396539992044,-4.50849778617728,2.73066814884895,-2.12269287053048,-2.34101682766366,-4.23525308290613,1.70353765763508,-1.30527913344307,-6.7167200227127,6.35361231915591,-8.60164826276464,0.449930038237225,-7.50616937408145,-0.438081781812467,-3.69451599830956,-6.30475338603049,-1.26758712788115,0.357987030484253,0.5007790539507,0.645103275621378,-0.503529448911197,-0.0005228218182992,0.0716957787676742,0.0920074334247208,0.308497931577036,0.552590914653841,0.298954478709399,1.0,1
-16.308650062507,11.6148005425867,-19.7393862972953,10.4638662754002,-12.599145656022,-1.2023933184963,-23.3805078207357,-5.78113300512982,-7.81102238181602,-16.3035376590131,5.57362527301538,-13.6352161247268,-0.483236243869236,-7.35279224297253,-2.39268418895092,-8.72814239367754,-17.5988535455879,-7.45595632935304,0.169740705598221,2.10603387120175,-4.88498262418118,1.14091043558273,1.39295263139548,0.348996604820014,-2.16750975079914,-0.798753537981903,-2.94277507305079,-0.462679619023024,1.63,1
-6.9852674861123,5.15109356872598,-4.59933777342036,4.53447860064768,0.849053978611719,-0.210701203278644,-4.42522968507474,-5.13452515572624,0.0693205728889109,-0.870997150804889,5.20081516878268,-7.80222778971281,0.0339124179895287,-7.56013197197136,-1.01465193469311,-1.50792960088674,-3.41027456780471,0.107544007359072,-1.37551765637273,-1.24699631854492,5.45367185347674,-2.05617714358307,-0.280333720590026,0.120771472511766,0.569357720918146,0.145971466001576,0.300193469284684,1.77936385243205,0.76,1
1.19239598990768,1.33897371069007,-0.678876186687009,3.1236723071222,0.643244863589275,-1.18432299431215,0.397585526006899,-0.253498538261658,0.41113497684127,-0.859862301810301,1.124059382453,-3.76387384832398,0.367975966769142,-0.971757538368114,-0.0138825132357776,1.45757852763076,2.61145033447876,1.2919552295122,-1.56381522671193,-0.185454650142832,-0.377503243008699,-0.889596747960403,-0.0742075893964193,0.0354455164139561,0.550577974200231,-0.0271712789934873,-0.0249206212266212,0.0736053986634045,3.12,1
-2.7560071191969,0.68382137690334,-1.39016888269883,1.50188726081003,-1.165614355805,-0.13120694925796,-1.47874061646082,-0.246921578045176,-0.100522731731488,-2.30110989675506,1.91445404493049,-3.8309980112302,0.719488566785256,-6.35301985790071,1.43871619241123,-3.29723907467834,-4.86297149937169,-2.00235399924327,1.54523326964355,-0.106944639579729,0.320473875601072,0.61102668559867,0.174863684107414,-0.502151101117601,-0.174712784335661,1.17924208342707,-1.16631532833921,0.821214803121569,101.5,1
-7.89688615307576,5.38101952251685,-8.45116161458266,7.96392808742307,-7.86241943013129,-2.37681997521459,-11.9497234569249,5.05135567269165,-6.91207600938549,-11.589748311433,6.64520072606617,-13.542095596465,0.888247918839909,-12.623316046432,1.00275519562895,-12.4322791426353,-23.2415971479491,-8.49529893803197,3.45394255518458,0.645974321869431,2.55794395644985,0.926277883497588,0.0327949396062788,0.638072585685807,0.361887213739485,0.444576520477986,1.10192314818996,0.205958012508108,1.52,1
1.86822575153021,1.36307703789779,-1.99493428288271,4.17351574396431,1.23975095036686,-0.746186461637677,0.572730531134135,-0.131234840026775,-1.55183852136659,0.228849430580481,1.70189470812283,0.144622386270367,0.104087683833243,-2.95416672265135,-1.37412192590939,1.88941745516528,1.71451073880902,1.10465991097437,-1.59744021309102,-0.172216497505385,-0.301001481390408,-0.818972281356086,0.206812306872685,-0.263683031819147,-0.114958101067535,-0.240672123611963,-0.0066294488588389,0.0172577348698229,3.14,1
-2.42353450165791,1.65909255408015,-3.07142054904521,2.58803264715889,1.13579116985916,-1.89238797008871,-2.58841817664644,-2.22659241059214,-1.67017275749754,-3.50892466189359,1.43932206570096,-1.95992749618623,0.767484552459954,-4.97811801438515,1.05856598037874,-0.99747745136418,-0.817261404200648,0.307797600356998,0.0284845308917937,0.35389820280921,-0.934126824870286,0.922037918088262,-0.180255030944776,-0.281719118183751,0.299285024105003,-0.263801330349534,0.150155943031014,0.292112166465648,9.29,1
1.17663267315551,3.14191813880044,-6.14044483643302,5.5218205893507,1.76851488910857,-1.72718569844821,-0.932428910444584,0.292796545267059,-3.15682655843537,-3.89824038104731,4.77672033006624,-4.15249885001879,-0.472990802974345,-10.2588514782991,-0.533455591604466,0.458138563036142,0.167601789076859,1.4043108943267,-1.87401526330162,0.329567972643983,0.1293716296303,-0.803020814325114,-0.0740983557012839,-0.0310844052836625,0.375366225335466,0.0658967838964971,0.488257738746484,0.325871630319106,0.0,1
-0.0997238993578782,2.79541433019956,-6.42385558221477,3.24751301512342,-1.6322902693315,-2.76666493059313,-2.31222288290759,0.961014122482514,-1.89600096481329,-4.91934829935247,3.05365441815753,-5.29781140208753,-1.46602972848647,-7.03588005080407,1.99713237234969,-3.83618852542499,-2.51518280017187,-0.864578711859257,2.32892697361116,0.340898315660141,0.647714388377444,0.126575864283858,0.203953480088146,0.0084949976311171,-0.174501150725926,0.575294798178312,0.152875890788003,-0.0981728103598323,94.82,1
-2.12548982597957,5.97355569173344,-11.0347272274446,9.00714687170235,-1.68945053397167,-2.85441528535313,-7.81044074525876,2.03086994595841,-5.90282812214984,-12.8409338181318,12.0189131816199,-17.7691434633638,-0.431035658230095,-19.2143254902614,-0.962464574748091,-10.2666091836641,-15.5033921000669,-5.49492764246329,-0.410480977392724,1.49377464554928,1.6465182926595,-0.278484510810644,-0.664841293974353,-1.16455536944202,1.70179641354046,0.69080561470369,2.11974873337031,1.10893340333617,1.0,1
-4.99175779387947,5.2133398229232,-9.11132629809104,8.43198635177602,-3.4355156720863,-1.8275651016855,-7.11430284412379,3.43120663145462,-3.87564287029742,-6.86850850672582,7.15062516950116,-10.2629840447185,2.73308493575221,-10.1275247811671,-0.262783621001749,-5.19027103814098,-8.6557110398096,-2.02444347438745,1.5604792800844,0.0981321924634143,1.18942283937597,0.247858476295777,0.294448330047117,-0.548503502162266,-0.174616566570794,0.406702503092405,-0.40233927269736,-0.882885795448957,0.0,1
1.52207986461923,-0.51942947320952,-2.58168487999205,0.774741045624737,0.206721720660857,-1.43102011805619,0.757011225164691,-0.444418034237894,0.997921025301102,-1.4294901237515,-0.375466188651408,0.17909486429195,-0.148448551372914,-2.13515486441111,-0.0449156938101637,-0.0553327528802965,1.77869660251824,0.671832434178931,-0.00202115788658,0.361168932269551,0.0196494069605455,-0.211678284664816,-0.24745192402646,-0.279471886713974,0.239646122725123,-0.50839814288348,-0.015551488169813,0.0418807020330689,276.17,1
-3.7656801220835,5.8907352377921,-10.2022676310229,10.2590359766218,-5.61144841660942,-3.23537557925717,-10.6326834778618,3.27271632618119,-5.26890524285018,-11.1821254546586,8.87947566765026,-18.4311310279993,-0.232822027713119,-15.0216572999306,0.141186252914787,-12.1863624982841,-20.1655673800665,-7.05165135326307,2.50082720798487,1.19413732146866,2.24560593428534,0.546320674537693,0.381853427747185,0.382024544024505,-0.82103649456311,0.394355120127285,1.4129609931535,0.782407053763083,0.01,1
-5.26805322089363,9.06761342731767,-15.9607281345144,10.2966027898053,-4.70824109122294,-3.39537485177836,-11.1610570028797,5.49996263444947,-5.66737554592835,-11.6271935556579,11.0270590938161,-16.3880541668327,0.363921486512734,-17.230202160711,-0.437487559248993,-10.1223919213552,-13.6392089915234,-4.98645725844229,1.12678437819631,1.45587819528,2.00410994522741,0.191058399384387,0.622927669875126,-1.20926355739155,-0.374798862642666,0.64879803679546,1.58469734677224,0.720055870245492,1.0,1
-0.264868683737295,3.38613996883911,-3.4549969895002,4.36762905773351,3.33606042827178,-2.05391842272465,0.256890458421417,-2.95723544083265,-2.8557972336327,-2.8084555425423,1.84750351109611,-2.4148223375383,-2.57322454244165,-6.5991261303635,0.123470382678038,2.57237180761341,6.60936580903842,2.53066979960508,-3.60265725092653,0.482513022122587,-1.39450379366468,-0.166029306744804,-1.45208118338289,-0.251814670710545,1.24346054282121,0.45278677690471,0.13221807596169,0.42459946550375,1.0,1
-1.45687631770562,3.74030556080113,-7.40451844591174,7.44096403590735,-1.5498779534738,-1.66169686169337,-5.75721301357641,1.61501101078404,-2.19488072574389,-6.80713525144464,6.82579316213884,-10.3997491177692,1.83644883978883,-11.872845098188,-3.6423925983095,-6.0441031440521,-9.75077638654123,-3.11637225405711,0.0653171492484702,0.529557330911833,0.957897451629944,0.145339479676781,-0.0447039008346728,-0.544961671329029,-0.757756535554721,-0.005352369235898,0.318152285707546,-0.323553622642371,2.28,1
-16.5265065691231,8.58497179585822,-18.6498531851945,9.50559351508723,-13.7938185270957,-2.83240429939747,-16.701694296045,7.51734390370987,-8.50705863675898,-14.1101844415457,5.29923634963938,-10.8340064814734,1.67112025332681,-9.37385858364976,0.360805641631617,-9.89924654080666,-19.2362923697613,-8.39855199494575,3.10173536885404,-1.51492343527852,1.19073869481428,-1.12767000902061,-2.3585787697881,0.673461328987237,-1.4136996745882,-0.46276236139933,-2.01857524875161,-1.04280416970881,364.19,1
-3.38760102859385,3.97788074139497,-6.97858506511079,1.65776584508859,-1.10049973277578,-3.59948697320315,-3.68665071042962,1.94225222492139,-3.06508926692316,-7.50955747436829,2.98962640655731,-5.99363242425938,-0.164740077677312,-8.38844296921614,0.0421289980360236,-4.13750050093113,-6.1039030730781,-1.9729278028075,0.434072536887008,-0.0043005898337158,1.043587159264,0.26218867442789,-0.479223920984096,-0.326638199739289,-0.156938590387884,0.113806571374194,0.354124259953911,0.287592125204715,0.38,1
-3.5934760029271,0.78144226309285,-1.82244751422669,0.605760683474701,-1.19465586719981,-0.517194856719497,-1.72252312325165,0.128889523769538,0.0149633080909052,-2.85611682977408,1.61826162043188,-3.58137450130299,0.623706919914784,-6.16045662030601,0.494733399107095,-2.54310504010287,-5.30127339068683,-2.19271270602319,-0.09472379272847,-0.478219313417121,0.351792125839819,0.391248950287018,-0.252874890557857,-0.498042480147132,0.0101721931231225,0.909928721553306,-1.47876724603751,0.722673039450917,101.5,1
-3.97521647515777,0.581573270980264,-1.88037210743636,4.31924127992395,-3.02432976021596,1.24079277107972,-1.90955892631241,0.660717557074542,-2.7526105653686,-3.55038539904852,4.83896418696128,-6.04023537903875,-0.374460483695606,-6.22194535944177,0.958758443736388,-5.07364263456328,-10.441008666182,-3.75552460094433,0.606452965011177,-0.656511434265513,0.578984295739867,1.39731081981072,1.04532195036713,-0.303999869268857,0.0052949592507338,0.235435243641064,0.962014797484666,-0.67355739317081,454.82,1
-1.95293262584861,3.54138524292281,-1.31056140773257,5.95566359407,-1.00399266347247,0.983049267722507,-4.58723460197373,-4.89218360319852,-2.51675203271071,-2.85032390160027,2.02467408050134,-6.48774641306604,2.37646259977422,-2.24151634571345,-0.566869734947616,-3.93685691797738,-6.12719357199364,-2.32855196140235,1.56212955232854,1.96502978343686,-1.99809122812016,1.13370623369264,-0.041460872197789,-0.215378738296157,-0.865598577097396,0.212544577403768,0.532896738259478,0.357891632792824,18.96,1
-2.6618021745564,5.8563932148043,-7.65361621324071,6.37974188053221,-0.0607121191362683,-3.13154973153662,-3.10356974550479,1.77849156945338,-3.83115371623455,-7.19160424618226,7.10298858788516,-9.92869994299538,-0.0674983775194601,-10.924186865147,-1.69791397714032,-2.37942098527078,-2.77511389701838,0.273798971252603,-1.38218756352589,0.399096860264863,0.734774950378595,-0.43590118187623,-0.384765904180568,-0.286015663843443,1.00793382365812,0.413195532462339,0.28028415690056,0.303936550639395,1.0,1
-2.7294819717688,3.31249456257958,-4.24271044395109,5.03698507739508,-0.376561160600044,-1.53246175254658,-3.44915850302961,1.85683931947767,-3.62333368933656,-5.6536376856402,3.94231582587852,-5.8837243606062,-1.34781373713666,-9.26612018494559,-2.4595563246821,-2.20564448269106,-5.70908680498665,-1.11393664017816,-1.55653021213315,0.164287792503557,0.72741506386268,-0.301431744500987,-0.502433327315861,-0.462308576168739,0.510682747439828,0.0466646930679243,0.514645779891103,0.140998673095746,1.0,1
-12.3396031574122,4.48826730168204,-16.5870729373632,10.1072738734101,-10.4201989827431,0.130669811857349,-15.6003233044816,-1.15769598093331,-5.3046309683427,-12.9389293107706,8.80568196718575,-13.5561301301468,1.16546376028499,-9.80988150207055,0.369987279150665,-9.50521044515487,-17.5420303090874,-6.79263778723153,2.06937744931751,-0.0855014634055812,-2.0896096332232,1.74531450014405,1.37681580939778,-0.554271418366818,-1.61074085196174,0.153725444536768,1.2124772080589,-1.86929047595671,188.78,1
-1.29835900258265,1.07967115744319,-0.180677930886891,1.28783908383189,1.85827347944352,-2.22369500209375,0.525166986044906,-0.0968743110676978,-0.168893374133313,-2.544410418956,0.706999574201444,-0.835695915134352,-1.02211731659325,-4.99399178918475,-0.455706843211384,1.31536513941655,3.63919954823548,1.62342609471098,-1.53933883157799,-0.18757199362802,-0.332983053581271,-0.851270427572191,-0.370799798865314,0.29824168728035,0.442929877216587,-0.522832450531743,0.0001048565072203,0.135698346061769,1.0,1
-11.6822148930584,6.33288209288301,-13.2971092469499,7.69077191542072,-10.8898905208867,-2.79236003834138,-12.5617825809497,7.28712220991134,-7.57032240879292,-12.8357376825339,5.80470785195987,-12.15623949431,1.18498466280471,-10.4686770874209,-0.41674319706657,-10.999792348619,-22.6088681905866,-9.49874592104677,2.10273540686125,-1.00931993766307,2.13345628394787,-1.27150896701449,-0.0353038871622371,0.615053695038953,0.349023768265454,-0.428922796793546,-0.694935387398427,-0.818970428930229,173.07,1
-5.76687873469586,-8.40215367768915,0.0565432462509224,6.9509829448522,9.88056402552862,-5.77319176920948,-5.74887919911031,0.721742893680168,-1.07627357886614,2.68866993252224,-1.47514531556892,-0.0504679838548109,0.11350047541885,0.98434361557577,0.363968739240705,-0.674356809209657,0.327463514418321,0.0914699151148088,1.30794073758635,2.49322389130791,0.880395096548056,-0.130435547668829,2.24147141354365,0.665345536539228,-1.89004142193457,-0.120802763842984,0.0732685585796402,0.583799418317518,0.0,1
-11.2054613927303,7.91463349246877,-13.9877516388388,4.33334117975523,-8.48496952268505,-3.50656117309394,-8.93524303241605,7.70444915069923,-2.33658417970129,-5.92735916911943,2.47040101557896,-5.7885170305197,-0.391939257057427,-6.52746224116063,0.899859362283244,-3.84729284231041,-6.70063744821132,-2.49261610727828,0.469554313978012,0.860911741764656,0.942593331002491,-0.987848114682141,-0.279446305433771,-0.0272992246723051,0.644344195524188,-0.263077923082484,1.08402252771111,0.211933356664813,99.99,1
-15.9036352020113,10.3939171427504,-19.1336024646827,6.18596883540498,-12.5380209157442,-4.02703044708406,-13.8978265981985,10.6622517826007,-2.84495398482036,-9.66878891236125,7.39441941053863,-11.6356300484755,1.42327692545531,-8.64045910049478,-0.674719538892936,-7.69556878829619,-13.6841395944616,-4.77740603940726,1.26834277321029,1.50156541071894,1.57754822493456,-1.28013712313136,-0.601294526869194,0.0404039214626868,0.99550197117886,-0.273742711729157,1.688135896398,0.527830799573719,99.99,1
-3.81821371829341,2.55133767783118,-4.75915831591909,1.63696695878653,-1.16790008391088,-1.67841338780471,-3.14473247208576,1.24510555037845,-1.69254135414833,-4.75993137385013,3.64225693939881,-4.165202322571,0.703069875094878,-7.62431631397779,-1.49801239964762,-4.07999232998846,-6.71717654755023,-1.88754964911755,1.35674828969143,0.164453445972909,0.837685440079622,0.761712127064149,-0.417694265920243,-0.469712471536136,-0.225934235750846,0.586415248500604,-0.348107405939032,0.0877768724326224,10.7,1
-5.34466537543542,-0.285760408166142,-3.83561578178611,5.33704802681048,-7.60990870021268,3.8746680317393,1.28962992438915,0.201741916806601,-3.00353243733788,-3.9905513318108,4.98601380361468,-6.11638322304304,0.0423244061770454,-6.04339314434942,1.82140103177852,-4.7454624675489,-10.0756455907271,-3.6045960155148,1.43529381015392,-1.56216235780532,0.276010822180054,1.34204455689584,-1.01657869464831,-0.0713612973880671,-0.335869334726878,0.441044176004645,1.52061262049821,-1.11593680318009,1402.16,1
-2.00658175419571,3.67657741239774,-5.4638107839612,7.23205827524957,-1.62785946243328,-0.996754564165374,-4.29983258601582,2.26886675517902,-3.65106703430768,-4.40092985049667,4.21321289394162,-5.73781516761686,-0.875693366725877,-8.89372633557037,-0.56243377737014,-3.28178373472677,-4.3689859085708,-0.736733764663363,1.60929290421203,0.474414052771714,0.713906864071022,-0.0638675905141125,0.16794731876444,-0.449863968939219,0.0237020976105368,0.536905295464468,0.485864026565305,-0.0423934808851287,1.0,1
-3.49910753739178,0.258555160773118,-4.48955807274398,4.85389435139681,-6.97452154477167,3.62838209065084,5.43127092073166,-1.94673371078472,-0.775680092900109,-1.9877731876087,4.69039566550924,-6.9980424321007,1.45401198637847,-3.73802333366749,0.31774206255503,-2.01354268083989,-5.1361351026702,-1.18382211654359,1.66339401354543,-3.04262575715977,-1.05236825623151,0.204816873569406,-2.11900744010783,0.170278608305444,-0.393844118118335,0.296367194488607,1.98591321801306,-0.900451638402827,1809.68,1
0.314596589729515,2.66067027657541,-5.92003738034463,4.52249960508858,-2.3150272861839,-2.27835165394776,-4.68405393631569,1.20227026523098,-0.694695511200349,-5.52627805985834,6.66243683071252,-8.52546492534563,0.742745446888019,-7.67866801029943,0.593070459066131,-4.47813659534324,-5.84426647937357,-1.1027307945783,2.17738568653903,0.562705643312244,0.743314023428983,0.0640383555765096,0.677841675250346,0.0830078227438395,-1.91103446375022,0.322188398435937,0.620866538820488,0.185030354728703,1.0,1
-21.8854339051741,12.9305051249875,-24.098871851647,6.20331419234722,-16.4660991227874,-4.45984212550286,-16.519835984614,14.5355647151916,-3.89702188761405,-8.6507583293562,5.3754339072439,-7.56721354069937,0.461807829323489,-7.82789139878016,-0.0228148529460228,-6.57804150255676,-13.0024594617382,-4.88446723880536,1.10435473489394,1.6119982189969,1.76223176917351,-1.57905510076487,-0.951042744820554,0.13456529188962,1.50711039768212,-0.222670856855594,1.52765527810284,0.453698638993223,99.99,1
1.29623080363477,0.417447287721689,0.193963067987499,0.901644194576026,0.13053136701763,-0.371634020776762,0.158125823740231,-0.202668656827626,-0.0795117562857989,-0.0450882478448673,-0.876737591678351,0.687487636238951,1.5747177026257,-0.0077912302905812,0.948315691837591,0.37715383740261,-0.868182736046053,-0.0671351121445059,-0.0644929660672327,-0.0295593500917474,-0.112113509551068,-0.2200020323662,-0.121021883862135,-0.440454448442227,0.671540040565908,-0.413518433654353,0.0328380408333744,0.0206001971066775,1.18,1
0.287952771527529,1.72873464521162,-1.65217304572257,3.81354418795523,-1.09092715391318,-0.984744665624589,-2.20231792699069,0.555087932252191,-2.03389204830362,-2.73415555507211,2.36843367282003,-3.65680265130054,-0.169534683304731,-4.74441333023745,0.765192829294304,-2.47951355643698,-4.93111196829858,-2.54740252736051,-0.90268980289448,0.265250210286539,0.262201510185118,-0.633527564205563,0.0928910102678184,0.187612655556196,0.368708354409639,-0.132474029018571,0.57656075692479,0.309842705461879,0.0,1
-4.72771265581559,3.04446910225824,-5.59835426695611,5.92819080241929,-2.19076972938784,-1.52932296564747,-4.48742195988547,0.916391814103266,-1.3070104231933,-4.13889121357616,5.14940878300581,-11.1240186070579,0.543067765541171,-7.84094220494304,0.743633944785042,-6.77706923974191,-9.93176515376766,-4.09302112201074,1.50492485905709,-0.207759445103882,0.650988236282379,0.254983288954681,0.628843468802127,-0.23812845429317,-0.671332331960485,-0.0335900627800998,-1.33177732223058,0.705697590023144,30.39,1
0.92376442016477,0.34404807190464,-2.88000365579163,1.72168007534123,-3.01956477860235,-0.639736122583852,-3.8013245024591,1.29909588513018,0.864065471140902,-2.89525166830126,3.02816223099618,-2.54917730779636,-1.56043182473423,-2.97131675769274,1.07889539651163,-4.70201182527384,-4.90809850732764,-1.5088732903485,3.0016850593747,0.170871765618069,0.8999311755668,1.48127100376248,0.725265549161058,0.176959582872624,-1.81563797523647,-0.536517111308732,0.489035020411905,-0.0497285787992942,30.3,1
-2.48836288474016,4.35901910783724,-7.77640985018266,5.36402677044258,-1.82387723220959,-2.44514013600669,-4.96422092061784,1.48489015991725,-2.94789885841072,-7.17534972178322,7.34365210856032,-10.178995535122,2.14215063066493,-8.98305216762269,-0.473746033414928,-8.14334226244301,-9.78567719982127,-3.08651950539248,3.37971333584943,0.792274684105994,1.32567239039937,1.02122620503862,-0.266476205063069,-0.370880444896658,0.365535186093547,0.081372023747405,0.184983040876449,-0.211582455539506,1.0,1
-7.4279242314783,2.94820920837905,-8.67855038407896,5.18530347959595,-4.76108997261691,-0.95709501604379,-7.77337978477431,0.717309273781191,-3.68235923846278,-8.40315026242229,5.70520550718269,-8.6407464115182,-1.60292501896209,-9.46613912320431,0.137324186945341,-7.30324272860725,-12.4480392359586,-4.33283424125087,2.35202964025176,-0.123085015912889,-0.299847070706951,0.610478813685703,0.789022761446755,-0.564511939509452,0.201195825477742,-0.111225430586455,1.14459850910478,0.102279545438297,130.44,1
-4.56634156694274,3.35345148012501,-4.57202780762531,3.61611930403552,-2.49313810882875,-1.0899997127127,-5.55143306976649,0.44778308394893,-2.42441402571208,-5.69992228265959,3.58682418337431,-6.63622904939297,-1.1281764439465,-7.24554959537009,0.638325536245456,-6.85681003898144,-8.85187850534679,-4.5918832274368,0.936939858866071,-0.249127726683026,2.67446587862872,-0.0208799797343963,-0.302447083877198,-0.0863964000107124,-0.516059779833395,-0.295102234035121,0.195985145691014,0.141115102721758,1.0,1
0.91311613528992,1.1453810871791,-4.60287793273505,2.09180337375362,-0.473223859280585,-2.0854358325571,-1.67124403232231,0.0943965856348779,0.337798765397573,-4.4318096317282,4.87197985976052,-5.39522117678937,1.33250215621937,-4.60379669207464,-0.77731354811867,-2.57189156103509,-3.00361530529652,-0.225441388417525,0.252273565031692,0.50898474829098,0.40141574109896,-0.0849334160429759,-0.197684434494785,-0.283271078982557,0.387597335722074,-0.553526986386025,0.516274456782261,0.270828187083758,147.87,1
-17.9762660516057,12.864988563015,-19.5750661905691,11.3451198184298,-13.9986456031027,-0.35489996091484,-23.7834698823143,-4.87235340557097,-8.50428479375643,-16.6011969664137,5.56925817499418,-13.9322487527403,-0.204854827407058,-7.58102324741972,-1.01361239001659,-9.01481328062598,-16.0920320589503,-6.05014766257303,1.66102935873752,2.41992113013135,-4.30043186631826,2.8657718597682,1.48930201538756,0.386039288843108,-0.232391836340479,0.413826703027495,-3.25598090607432,-0.538963227046118,8.64,1
-3.21895201068387,2.70853541135777,-3.26304158740062,1.36186594394607,-1.64577567536596,-1.85298187130258,-3.06995821412732,-1.79687585578416,-0.213356097435365,-3.55198400939375,3.77974953895486,-6.98477147722078,-1.14097718858781,-9.37787845231763,0.921463506707037,-4.65207119462111,-9.09423129737693,-3.08254995409724,0.132330776389272,0.571654488206511,1.80787725006384,-0.890421395077162,-0.325814386573867,0.123039596922715,-0.0930137472776971,0.232105969675678,-0.310518998304807,-0.745294626799623,60.6,1
-1.83693980524096,-1.64676405421121,-3.38116824152195,0.473353567439937,0.0742428680588724,-0.4467506984682,3.7919065488031,-1.35104516710281,0.0951859632710584,-0.0844995591396119,-1.54230486820434,-0.540534807018906,-0.27207903913702,0.712541142762088,0.234979844917,-0.907666065803548,-0.391051374531861,-0.0347191590047466,1.08428646665042,-1.58614369731197,0.0106634770821352,1.78668137304358,-0.151178223750849,-0.582097763853728,-0.956061535679488,-0.334368991860647,0.715600326403013,0.370449747000955,720.8,1
-15.1404496225073,7.37804241221284,-16.356367356494,9.19493491430021,-13.4661632895942,-2.95843050082103,-16.1655386244192,10.0752539455532,-7.90182112627786,-13.0094028057641,4.82823533219729,-11.0584014244364,1.99812557552295,-8.59204740189288,0.540385309176116,-10.6157452968661,-21.0178983428443,-8.39739305199317,3.18355894967976,-1.69148198782553,3.14742810473234,0.341677595071206,-1.15016247089952,0.795189734964946,-0.194542181109758,0.145963568626439,-2.45868034756574,-1.18988788135128,106.55,1
-3.95120850670532,2.88180518239049,-6.42149029451106,2.43418142416554,-1.32732453838007,-2.12210598673342,-3.2275333300383,-0.68556047558208,0.775985124963588,-4.72309174576035,4.921657447038,-8.75277008726404,1.52019774197935,-8.5520227319441,0.351975957711389,-4.5340297530839,-6.46540863418339,-1.89030997911689,0.174840185624481,-0.669351428982036,1.41047856462921,0.279402820830601,0.570821171370176,0.65627101478476,-0.298600548903483,-0.407571358894306,-1.37870253026193,1.37913029153249,52.69,1
-5.25643383358625,0.364541282922338,-5.41208501568175,2.40003149118237,0.697301198779903,-1.99875502849663,-5.83553244176087,-0.887739383363895,-2.82828664079509,-4.61450773315675,2.71069667870109,-3.15815569757752,1.0836091478793,-3.41515194777416,-1.05387003179712,-3.75103073303678,-9.26164098662644,-2.95516522195402,0.606570797159568,-0.403684910413759,-0.648259076792221,0.511284975320154,-1.11004452267604,0.178986970607497,0.22023534750991,-0.699808550320153,0.580486716857456,-0.173629869645159,8.9,1
-4.51734375344642,2.50022390414582,-4.01392753708116,1.18945163355882,-2.48686063585833,-1.41347553285281,-4.24570662259591,1.26508694822894,1.16882778968781,-4.51390660472333,3.69471123994721,-6.11044323287235,-0.110521636054475,-4.18455528093394,-0.93103463417672,-1.61471832598223,-3.35318018239636,0.236762036968587,0.0038960221310578,-1.05616226010439,1.32694422202396,0.102998961106284,0.508166904438541,-0.278017536127694,0.139721094971637,0.0646100247346309,-0.972358289293076,0.351359561196795,2.27,1
1.26132423719507,2.72680028914035,-5.43501891203698,5.34275900861121,1.44704301840055,-1.44258408548501,-0.898701853990691,0.123061977888509,-2.74849590498127,-3.20243612238872,1.99136063471588,-3.98641621648026,0.577206841836268,-8.48579450596077,-0.794782274727006,-0.66613426737281,-1.37262938444618,-0.10431295585569,-1.46691055321726,0.313331634515096,0.209086136071647,-0.425937610932652,-0.154439525696635,-0.0188195044268996,0.632233951218357,0.192921615175897,0.468180887290157,0.280486470872693,1.59,1
1.08369268125484,1.17950120574809,-1.34615039129229,1.99882440095464,0.818034176163642,-0.771419407716543,0.230307373480955,0.0936831311994367,-0.167594341704434,-1.95980925751416,2.80433477984687,0.312424168769405,-0.595976467281167,-4.66257695501824,-0.299515020029103,1.00141391934549,3.90282478361756,1.61960922680862,-0.888087464222472,-0.0601585380014646,-0.311999618117422,-0.639699711353317,-0.120249014807271,-0.180217694458199,0.609282565276013,-0.339524442352566,0.0967012906089022,0.114971915513805,1.0,1
-0.512348993642627,4.82706041999945,-7.97393924909553,7.3340585164719,0.367703644775346,-2.0551290853684,-2.93585569967936,1.43100813095171,-4.54472224374179,-5.25809597551632,5.71631869503674,-5.81040712597652,0.723292646283101,-12.2891333850899,0.378773196301938,-2.02073438121173,-2.03970261739192,0.658182927257658,0.832574035012694,0.804101330337598,0.535619750720892,-0.459495920284509,-0.0093636678425974,-1.1404357941897,-0.0064452687432379,0.527970329614587,0.55888099608345,0.126516761960086,0.77,1
0.385108461103674,1.2176203228402,-1.95387216540948,2.08707599095328,-1.14422540643716,-0.57688799482478,-2.58286504391682,0.643229999334504,-1.19123269237613,-3.09509360697848,2.82114488798301,-3.1005456578695,0.146199374342408,-4.51012391529804,0.574490022660784,-2.12346278453199,-6.05331938825344,-0.70637615273475,0.572791028207014,0.380545212283106,0.594623132460925,0.372143665842342,-0.310455791389476,-0.624065148802846,0.840216130296559,-0.159451766672991,0.599482364663208,0.288915549852885,8.0,1
0.0084303648955825,4.13783683497998,-6.24069657194744,6.6757321631344,0.768307024571449,-3.35305954788994,-1.63173467271809,0.15461244822474,-2.79589246446281,-6.18789062970647,5.66439470857116,-9.85448482287037,-0.306166658250084,-10.6911962118171,-0.638498192673322,-2.04197379107768,-1.12905587703585,0.116452521226364,-1.93466573889727,0.488378221134715,0.36451420978479,-0.608057133838703,-0.539527941820093,0.128939982991813,1.48848121006868,0.50796267782385,0.735821636119662,0.513573740679437,1.0,1
-7.33434102050082,4.96089229123138,-8.45140959148547,8.1748251681484,-7.23746372952055,-2.38271066458273,-11.5088418575552,4.63579753722901,-6.55776036636164,-11.5198609264142,6.45582813287588,-13.3802218737527,0.545279226790884,-13.0268638593173,-0.453594543596495,-13.2515419788937,-22.8839985767803,-9.28783221397402,4.03823050489431,0.723313822249839,2.15375502636012,0.0339216178167887,-0.0140949200284419,0.625249955306557,-0.0533903339689031,0.164708739959664,1.41104749421382,0.315644799820923,11.38,1
-14.4744374924863,6.50318451651946,-17.7126323688621,11.2703523334822,-4.15014206409808,-3.3720982088695,-16.5358068114174,-1.4439469925952,-6.81527289964437,-13.6705451263516,10.5452629545898,-15.0226996343749,0.171633085144947,-15.0663743633461,-0.259575939555838,-8.6687392723375,-12.8041408991277,-5.11662049533788,0.579200358016368,1.10124987016838,-2.47596222945688,0.342390706034285,-3.56450803816097,-0.81814019000188,0.153407682695978,0.755079460824454,2.70656616161759,-0.992916047059418,1.0,1
-0.25147096006823,4.31352332575143,-6.89143771650147,6.79679668055103,0.616296505250374,-2.96632654187403,-2.43665252687714,0.489327898838014,-3.37163857159343,-6.81081309938215,7.62008905836908,-10.2852825163315,-0.342444334069655,-11.5434979157865,-1.3349879032835,-2.68928420445067,-3.20438340295762,0.0865218956911394,-1.31449509665307,0.632709963789826,0.536892074447128,-0.546126023729244,-0.605239547613772,-0.263743459593593,1.53991583077868,0.523573696680871,0.891024688365269,0.572740666549584,1.0,1
0.667713641374798,3.04150237620527,-5.84511195572955,5.9675870384467,0.213863332794167,-1.46292281110712,-2.68876058357809,0.677763512400754,-3.44759589638668,-4.70757080611204,4.90581986504193,-5.20837397192841,0.532498380473016,-10.5440113995705,-1.3074187011067,-2.1335934878907,-5.13308149079721,-1.06215078075411,-0.819371096333784,0.558424597641949,0.32976014592914,-0.941383471890008,-0.0060746623400234,-0.958925352213278,0.239297864946551,-0.0673556786513241,0.821047585911653,0.426175251596766,6.74,1
-1.55027271502021,1.08868850191044,-2.39338766218981,1.00873271714408,-1.0875618874048,-1.10460238189499,-2.67050327670088,0.147654676391109,-0.978625549290056,-3.51413330486723,3.58604242366444,-4.05335784837839,0.862426024955809,-5.76582302154173,-0.507511029549388,-4.92186514350783,-9.56726769048681,-2.77297411117016,1.71709526842855,0.327490457262181,0.802316031461701,1.03710478869922,0.0958154204904633,-0.320190913384423,-0.0807306312824349,0.0910116872058309,0.0249284934943241,-0.0778199786198624,17.06,1
-4.39797444171999,1.35836702839758,-2.5928442182573,2.67978696694832,-1.12813094208956,-1.70653638774951,-3.49619729302467,-0.248777743025673,-0.24776789948008,-4.80163740602813,4.89584422347523,-10.9128193194019,0.184371685834387,-6.77109672468083,-0.0073261825777121,-7.35808322132346,-12.5984185405511,-5.13154862842983,0.308333945758691,-0.17160787864796,0.573574068424352,0.176967718048195,-0.436206883597401,-0.0535018648884285,0.252405261951833,-0.657487754764504,-0.827135714578603,0.849573379985768,59.0,1
0.340390790889508,2.01523346310003,-2.77732956104823,3.81202413104427,-0.461729071578821,-1.1520219714746,-2.00195866818811,0.548681056661142,-2.34404166261939,-3.07669858515182,3.55473755027372,-3.96968929955842,-0.932183689489454,-5.87606732124924,-0.0667394504128529,-1.49528077472825,-4.42475717388751,-0.619323237398381,-0.231198386269899,0.326772803133095,0.29976881646527,-0.583282924090166,-0.187696049565752,-0.329255753153177,0.732328138266652,0.0580797142765515,0.55314334331356,0.318832445723953,1.75,1
1.12533553530785,1.13014648418496,-0.962975334759173,2.67568785863118,0.990074518469203,-0.243317741184431,0.316192138064781,0.122960131988498,-1.1433427947576,-0.369908966047961,1.83449419801385,-0.491243315415958,-1.12990700459946,-2.23862224442526,0.27846874170613,1.47792560308038,1.77645429510255,1.14928218583042,-1.30699464468423,-0.138813697509247,-0.166736918429935,-0.52193383894905,-0.112376257435029,-0.592076750460089,0.520791314299405,0.0433535805717847,0.0151590212632604,0.0636117222853327,3.76,1
-2.74048250153169,3.65809481979987,-4.11063552027473,5.34024166876747,-2.66677476000958,-0.0927818149405728,-4.38869880914515,-0.280132705503576,-2.82189458229917,-4.46628416302479,3.96979981229186,-7.34671678644283,-1.16331176961366,-8.22556891234807,0.82500183194645,-6.77286703365235,-8.81578542555918,-4.56885928410549,1.12659865645629,0.185325269832133,2.41749541196206,-0.0977119508973041,0.382154506973307,-0.154756519767143,-0.40395592644091,0.277894930235294,0.830061638644528,0.218690442242457,112.33,1
-26.4577446501446,16.497471901867,-30.1773174564996,8.90415677106517,-17.8925996927224,-1.22790388102871,-31.1973285494605,-11.43892041491,-9.46257260540015,-22.1870885620007,4.41999660154863,-10.5923050053728,-0.703795803703315,-3.92620731586873,-2.40024649210124,-6.80988994039049,-12.4623149481086,-5.50105078380738,-0.567939572890149,2.81224110932946,-8.75569832116533,3.46089334478551,0.896537503959012,0.254835536763482,-0.738096558530353,-0.966564233789852,-7.26348214633855,-1.32488430656137,1.0,1
-1.54878809850026,1.80869795041448,-0.953509033832342,2.21308539346999,-2.01572779170327,-0.913456844516923,-2.35601298316433,1.19716896702387,-1.67837405659509,-3.53865023182429,3.1020899271543,-3.99337305447702,-1.93741062327519,-3.82289410599595,0.830970110708369,-2.47535885382925,-5.21187516766885,-0.413871678166879,0.933262164554872,0.390785963777347,0.855138263312025,0.77474482148342,0.0590371520063436,0.343199807900813,-0.468937928609185,-0.278337986906642,0.625922215184372,0.395573378256676,76.94,1
0.919136507326981,4.19963266902077,-7.53560659365729,7.42694037455047,1.11821533001319,-2.88672235145027,-1.34103599607144,0.363933268353337,-2.20322443100109,-4.13784019622865,4.57011280759332,-7.62916958856017,1.73391746350254,-9.44037499459843,-0.0233533498971062,-1.23395828198259,1.63200885764087,1.3157345644727,-0.287188855297045,0.535434663150233,0.316093599204254,0.0551792270194195,0.21069215028398,-0.417917881438145,-0.91118827562932,0.466523924588163,0.627393270472548,0.157851282541588,1.0,1
-3.63280894927825,5.43726336227612,-9.13652148062595,10.3072263079132,-5.42183029451154,-2.86481514933136,-10.6340876212042,3.01812657999175,-4.89164032107494,-11.2350479111446,8.78878366710272,-18.5536970096458,-0.339533407676443,-15.6231873302985,-0.188978574214972,-12.4279613630565,-20.1590474539227,-6.88889109280947,2.58609321670737,1.35406479520345,2.30988016889674,0.978660126299279,-0.0961301444473713,0.432376722544823,-0.435627929953396,0.65089278643537,1.69360750804844,0.857685371687245,8.54,1
-1.34650881762975,2.13243062687771,-1.85435531823997,2.11699770636107,-1.07037837875552,-1.09267135682306,-2.23098606430574,1.03642490791919,-1.89551573571367,-3.36401057980002,2.88704787664695,-3.78445965821089,-1.28890425847532,-3.98562600822203,0.531838297985603,-2.60370264991872,-5.15759639749234,-0.696010004579956,1.28596139472532,0.221918669151309,0.609508181503446,0.202874284952422,-0.0607913872259794,-0.186733353366053,-0.0174012274970924,-0.283751034119116,0.395451049081013,0.233138575967241,1.0,1
0.378274504006009,3.91479678866992,-5.72687201536627,6.09414095882864,1.69887526405022,-2.8073139468834,-0.591118212837213,-0.123495593086659,-2.53071281390832,-5.15309460989926,4.65408842254301,-7.83953899762349,1.37181858033581,-9.63468971263612,-0.739596855842826,-0.663203945673478,0.891934540534899,0.978675639075006,-2.00547660274646,0.440439440893876,0.149895683076911,-0.601967245529085,-0.613724335539499,-0.403113687819411,1.568445255978,0.52188393400233,0.527937749881352,0.411910405834512,1.0,1
0.329594333318222,3.71288929524103,-5.77593510831666,6.07826550560828,1.66735901311948,-2.42016841351562,-0.812891249491333,0.133080117970748,-2.21431131204961,-5.13445447110633,4.56072010550223,-8.87374836164535,-0.797483599628474,-9.17716637009146,-0.25702477514424,-0.871688490451564,1.31301362907797,0.773913872552923,-2.37059945059811,0.269772775978284,0.156617169389793,-0.652450440932299,-0.551572219392364,-0.716521635357197,1.41571661508922,0.555264739787582,0.530507388890912,0.404474054528712,1.0,1
-5.19249642644832,3.16472117285823,-5.04767906023322,2.24659736005894,-4.01178140454907,-0.638908044905701,-2.87346326933044,1.57631757306221,-2.86198599107206,-2.12045759469323,1.86359573670074,-3.62025176254298,-1.48071442178696,-1.58334340543936,-1.23046922211011,-1.20229796977375,-6.16763653803023,-2.65153904856573,0.0135877061935761,-1.85046996353398,1.16724379365826,-1.00661749345659,0.774561804390922,0.063396916565373,-0.390657771499997,1.8847406746985,-1.74255751463748,-0.08221593472572,247.86,1
-2.14051149219032,4.10487145129475,-8.99685940156949,4.02839095079544,-5.13135934640223,-4.15356844523859,-9.36009513383968,1.92207487977653,-4.02618037499445,-13.6913151328525,9.09528815249629,-14.1681208819376,-0.140455389751523,-17.6206343516773,1.48274041096936,-13.2568330912778,-21.675483501012,-7.82346881553754,2.9951111673215,1.72557761649372,1.85426666080646,-0.165533725878965,-0.339938978813788,0.296313762529247,1.36422533027428,-0.518995630979066,2.35233346525926,1.13062483533989,0.76,1
1.14020795371139,1.15643107873873,-1.47157796740819,2.07627840454674,0.774809058745551,-1.00253195191231,0.264947929409663,0.0131622605764724,0.248835339320523,-2.10066651278309,0.763204840843787,-0.94491647902938,-1.41903447142202,-4.68361969585018,0.51928230124953,0.908454083367609,4.13366666889167,1.30620452511785,-1.09471647432252,-0.125097258302807,-0.387894980568907,-0.866811936205838,-0.121582639900783,-0.356108586349469,0.634572810783188,-0.306311023397994,0.0940868179231164,0.121064728484123,1.0,1
0.711155481810016,2.61710490740972,-4.72236322125,5.84296995871769,-0.600179298610849,-1.64631317703679,-2.78519836554505,0.540367735499417,-3.04402909749745,-3.92650993997042,2.75783745850663,-5.43735368941346,0.546878907367748,-8.39657296658687,-0.810715738936796,-3.01429397773507,-6.64248226272335,-2.58402822440731,-0.820354414754465,0.46103194379752,0.360500881641394,-0.865525509838014,0.139978107568553,-0.336237870703344,0.128449337645535,-0.155645815012462,0.799459945626899,0.392170236404553,3.9,1
-8.42681446458936,6.24165891255794,-9.94646974501132,8.19961393161759,-8.21309336768256,-2.52204605104398,-11.6430282742756,5.33950009801351,-7.05101582770698,-12.2653238444006,7.04773274001302,-13.7429528415799,0.821627223133927,-14.1074642630375,1.02047093981622,-11.8478871921138,-21.6739867132891,-7.78404247450965,3.20430921695579,0.563869352833826,2.42746037443776,0.692666548056743,0.0203051671536146,0.499809093124917,0.467593621860553,0.483161969665241,1.19567086957704,0.198294350072086,88.23,1
-5.93277795485543,4.57174320411303,-9.42724692838332,6.57705643811276,-6.11521812544893,-3.66179789602346,-10.8940785545016,3.70921000751656,-5.85952387304171,-12.981619145004,8.26529460055417,-14.1541653609607,0.479842781966758,-16.3375959447735,1.64604527960375,-12.3753974432385,-21.090612716108,-7.7245457358645,3.85637474254372,1.19107830456005,2.01427156558263,-0.167416617986259,0.0499675298711021,0.384429719031746,-0.0778835668224832,0.56549290579318,1.79201191700266,0.371007021212136,5.3,1
-5.26775974325256,2.50671895922695,-5.29092481764433,4.8861341982102,-3.34318841087649,-1.10008548506579,-5.81050918581537,1.72634335514407,-0.749277159995058,-4.83482799462627,3.54601225001006,-7.75128547808951,-1.19569394502348,-10.0185024459282,0.29639612212368,-7.47716172698803,-9.78580026201852,-4.24397714797126,2.68112678165858,-0.286043269744833,0.764265624858483,0.473261684078133,0.54848172305712,-0.15685005182413,-0.71018694460215,-0.366422677340972,-1.48676592030738,0.677664104601632,1.1,1
-0.887286905534409,1.39000150924187,1.21968581996397,1.66142517591961,1.00922783931161,-0.733908444749524,0.855828927220991,7.68462281197611e-05,-1.27563149417191,-0.433393925731893,0.141178993422237,-0.46034845602669,-0.367867931021877,-1.16833941780754,0.152107630618373,0.882231823726865,0.601804858067329,-0.304092391463557,-2.19176427800358,-0.268347371086252,-0.0837343767453397,-0.346930257215667,-0.0506187067885922,0.23104442462061,-0.450759875468406,-0.376205380931623,0.0345043694610426,0.157775320404088,7.58,1
1.08256623409747,1.09486151295003,-1.36702004784737,2.01255429562949,0.708142047645968,-0.807712094137058,0.151952109111841,0.158352530916403,0.0098722842273316,-1.92527812380296,2.60593702345612,-0.309218873424363,-1.76754891562268,-4.42919458671376,-0.171939794624445,1.05551393649543,3.9705869371836,1.76224857169611,-0.880812102847679,-0.135789404251701,-0.32528376499397,-0.734343617700577,-0.106725343342181,-0.224999064492694,0.569167327221417,-0.33503264926341,0.0891401408869493,0.11233722000597,1.0,1
1.89403628953056,1.90580604250552,-3.51573007711281,4.50891315092218,2.04446624455689,-1.42046761821774,1.0574804459057,-0.281157347826589,-1.832603814167,-0.628463195272087,2.22079491381924,-0.741087888346352,-0.763719377938258,-4.94261241607845,-1.37829062017508,2.24421577907161,3.70206529090756,2.25681153235938,-1.95006033191067,-0.160163479388821,-0.144713035559334,-0.310108279131596,-0.101530027427529,-0.414960172274656,0.37659685003455,0.15077769870482,-0.0137115779366071,0.0480836587388137,2.22,1
-1.39620432643506,2.618584398377,-6.0367702713295,3.55245370976796,1.0300913064513,-2.95035827245882,-1.52850574519993,0.189319000841056,-1.43355448519874,-5.56914249554635,3.27754628526759,-5.89693656310926,-1.27710175970119,-11.2218047709786,0.326026786021776,-2.49734111017829,-1.58833565600268,0.120289372543204,0.170143879416802,0.0317945560061884,0.14317682159778,-0.390175928835842,0.35602946330105,-0.762351548983177,0.0965103406932942,-0.487861395288973,0.0626546228071552,-0.240732349240766,1.0,1
-3.57636177773708,3.29943622098785,-7.46043319687438,7.78363417666419,-0.398548657536885,-1.96844144838725,-3.11047619254795,-0.328403695377149,-1.57436284547485,-2.49756054724841,4.60417047790948,-9.0019148555682,-1.27632400546329,-13.9694706254616,1.25694535316357,-4.49162922501012,-5.96998693103967,-1.27466622002178,1.14778361222539,-0.181455201194929,0.540730752300116,0.719526342466937,0.379248749413946,-0.616961860032022,-0.44281081400968,0.359840688732324,-2.65182487459349,0.422184391599186,1.0,1
1.20493424160812,3.23806951076392,-6.01032440449142,5.7208466769739,1.54839977751795,-2.3210635159891,-0.78188041273237,0.0766192384971476,-2.97624905100078,-4.07025686324581,3.39415208597649,-4.5477421854241,-0.0636341960877915,-10.5164652105548,0.0532673835219021,0.204079529216049,0.462929331041335,0.841169059044758,-2.2213838533863,0.338160708541917,0.0983414697495961,-0.845865919979824,-0.0312277689973994,0.421146410215972,0.388361411769274,0.0560347438871887,0.491827823256628,0.340846685675318,0.0,1
-0.395582180999488,-0.751792062726136,-1.9846657222602,-0.203459370656895,1.90396717621947,-1.43028863275949,-0.0765478971696953,-0.99226038178304,0.756307218859539,0.217630453611954,0.253931337415353,-0.0757071123077077,-2.21552535883192,1.06526242773606,-0.775503007617278,-0.911031401859836,-0.223768268609043,0.768369833954887,0.477521452443793,-1.02771589618176,1.37751532224779,2.15178705623536,0.189224816804228,0.772943278067861,-0.872443190023862,-0.200611549796534,0.356855911523477,0.0321134824802381,0.69,1
-6.61821088302128,3.83594330652809,-6.31645312939344,1.84411148322924,-2.47689242073119,-1.88671810778613,-3.81749461717225,0.613470204441387,-1.48212104737573,-4.86874726825181,3.35972193954249,-5.96916163430263,0.0511899909273825,-8.72449560202264,0.776390603031746,-3.93938374023711,-7.16443030217363,-2.43467181629124,0.235226841085862,-0.953826982523315,1.63662230588548,0.0387273057562163,0.27821816645377,0.786670356804443,0.063894559165062,0.154707097104458,-2.04240272642132,1.40514055826157,57.73,1
-2.52401156950864,2.09815186657166,-4.94607520997003,6.45658840962748,3.17392137712693,-3.05880605463133,-0.184709664717417,-0.390419986932457,-3.64981179874133,-4.07758540918968,4.38921350258246,-5.84955800710779,-0.750964374574877,-11.5838983872121,0.838750052957938,-1.4610292465747,0.635694232941605,0.390150149131876,-1.06302761603247,-0.162797482259592,0.0279349679314103,0.2203664412615,0.976347942245667,-0.290539415419797,1.1610017911475,0.663953624390758,0.456022723280535,-0.405682084802192,1.0,1
-0.769171691743673,1.3422122564916,-2.1714541366788,-0.151513299728476,-0.648374467317641,-0.973504253142134,-1.70665765414268,0.313744516691369,-1.98230184657376,-3.15812700566592,1.3415717221686,-3.29947236985172,1.24764737362737,-6.39337284276668,-0.0532048016171774,-3.25804634128955,-3.34889609796046,0.217330714330335,-0.917407954929339,-0.102294252090737,-0.0361222946216654,-0.753591202726119,-0.0471133973013113,0.358492767536875,-0.287406815695466,0.476505957022081,0.250530561357973,0.250987222920341,40.0,1
-0.356326154090313,1.43530513012275,-0.813563965472736,1.99311717679272,2.0558775401316,-0.54357866590526,0.487691066602944,0.0854488054265826,-0.536351998021526,-2.23120932812687,0.273983570211148,-0.535839387011391,0.595677221650834,-5.14182349291966,0.732366764261792,0.623912780633594,4.09098324669186,1.63408402811385,0.26084733041578,0.303261648412104,-0.312862941766726,-0.687873797330169,-0.267002508610821,-1.15848006325515,0.271459963711122,-0.155397186179697,0.114328416432227,0.101525594435204,1.0,1
-0.715413746430203,0.608590312773943,1.15550089022062,-0.267565092666965,-0.563747540811752,-0.618897959603515,0.698307698659261,0.0698369023541396,-0.133341030527008,-1.02533539256113,1.50062918076179,-0.417898026653376,-1.59029515148629,-1.07499904137371,0.288234297659522,1.37776850908719,0.22388685433899,1.31107267514226,-0.896071786353489,-0.186977992930248,0.130748607589043,0.239389294462508,-0.0902274074581911,0.411572390517299,-0.216125965872995,0.353896329216255,-0.0623612631790606,0.0084330017316634,129.0,1
1.17782379154942,2.48710339519253,-5.33060816051087,5.32454683526606,1.15024325844862,-1.28184253527583,-1.17199420002259,0.413778202141836,-2.6598401542684,-2.9716952359177,3.6195974073081,-4.47804406487578,-2.03418448611283,-7.77219735461502,-1.20149274946259,-0.509866916309607,-1.30436979397668,0.495999534593581,-1.35984389291856,0.156057238983783,0.262325116604754,-0.431790202566124,-0.092088065214941,0.145215897986796,0.457788410050576,0.167739067416406,0.451242541470912,0.268421209703893,4.87,1
-8.7620833940977,2.79103028235041,-7.68276685719257,6.99121396498416,-5.23069545140333,-0.357387950702527,-9.68562145610769,1.74933494530821,-4.49567886484426,-7.86450647898838,4.77414774007074,-8.24589788162945,-1.33349186005079,-7.97425052332349,-0.39879894749855,-7.24434047432354,-12.7600939511044,-4.82474022298701,2.83699299496563,-0.460389538640294,-0.0905267878788197,0.34858962816605,0.0511323900482543,-0.41542987238242,0.219665266254896,0.330020364891881,-0.0282517554687547,-0.156270272972183,7.52,1
-4.86174665742506,-2.72266032465254,-4.6562480902453,2.50200470213773,-2.00834642496284,0.615421803000716,-3.4856795852374,1.87885554354264,-1.11626798693717,-5.11297108805175,2.9456208658257,-4.10212741074135,-0.477202973371762,-4.35043446756499,0.0007163434773255,-5.03744940979325,-8.07801049835537,-3.45798118698593,0.596696430089622,0.285558785827713,1.1388759328635,1.03366434019377,-0.806198897465357,-1.51104641883913,-0.191731402147673,0.0809988303848193,1.21515161370172,-0.923141608648516,592.9,1
-3.14025953779538,3.36734230912012,-2.77893140701488,3.85970067435928,-1.15951836286203,-0.721552487906327,-4.19534154281433,-0.59834584749232,-2.87014477203106,-5.29061006200618,3.82376208408163,-7.49227616878309,-1.52436747989794,-8.52767862203589,-0.391214524543396,-6.18087991000233,-9.6988394108884,-4.81823334077503,-0.871581688476025,0.0777814455070256,2.45233850455703,-0.292962575086153,-0.189330326319261,-0.166482104307702,0.0380396237066075,-0.0154765350217125,0.776691265853111,0.397557490298277,0.76,1
1.86210178942007,-0.124051888133202,-1.98975174951054,0.382608915041756,0.473031677376878,-0.674516988454297,0.298621349163879,-0.282415726283542,0.802052524645684,-0.989431189994817,-0.491112318271443,0.903819349613327,1.3665243152114,-1.88616230658692,-0.194861302074369,0.0868367239072255,0.978546240489057,0.0556039737113707,0.189130835579419,0.150726987749903,-0.204158275791025,-0.51144105586203,0.0778741500089749,0.388335120253865,0.0078957284691346,-0.120979613154893,-0.0195787926354923,0.0061547052319409,108.51,1
-1.10964552515211,0.811069300236989,-1.13813532731484,0.935264670223385,-2.33024787785051,-0.11610605479739,-1.62198623466478,0.458027900124116,-0.912189159098001,-2.96199570179906,2.77896789639267,-2.37959961108923,0.918962784041379,-4.01578678027745,-0.530009790602772,-2.81588776765893,-6.6493577879714,-1.74611328389964,1.08340676372199,0.168890572541282,0.641593528333926,0.841754904759402,0.176727750810022,0.0810041184974676,-0.258898742565752,0.707654245320429,0.418648658517389,0.0807557537005394,204.27,1
-2.27175453696818,-0.457654560738072,-2.58905463865543,2.23077826688105,-4.27898250263823,0.388610079538804,0.102485457456358,0.813127838070308,-1.0929208385062,-5.03202838566819,3.51034756034463,-2.22739840581069,0.656823927974733,-5.19918574342056,-0.128311029598493,-3.94352099869908,-3.82052232662867,-0.570821093891663,2.78338340771804,2.28575790271371,1.09634200952947,0.658398654570846,1.71167573455248,0.333540036403021,0.538591373646869,-0.193528512332835,0.258194100840055,0.247269213953463,824.83,1
-1.51924353075082,2.30849245367643,-1.50359931953802,2.06410058377601,-1.00084505842829,-1.01689703316417,-2.05973051990126,-0.275166374590629,-1.56220609694371,-2.75579692797163,3.43824825990431,-3.52152936013651,-0.918761288376486,-4.45210024854037,0.499313753853031,-2.90790343439971,-5.24864639527919,-0.936814652613817,1.16012029433585,0.175018552247898,1.30787143187069,0.102825644139183,-0.0177462832428156,0.149695925673219,-0.0966024680642115,-0.369114567720136,-0.0192440931269227,-0.20831909164279,1.0,1
-1.20139778318497,4.86453518123444,-8.32882331553453,7.65239936205533,-0.167445105903909,-2.76769464972835,-3.17642095110716,1.62327867967437,-4.36722762476754,-5.5334430286147,4.1064045585523,-6.33182479621436,0.671784814909419,-12.1565865835299,1.02025178475153,-2.11086343309451,-1.55854452752772,0.195991826282669,0.502453451135321,0.597025549850308,0.532320016259289,-0.556913021850898,0.192444399731584,-0.698588444235578,0.0250027161193826,0.514967603188505,0.378105295962737,-0.0531327938498238,0.77,1
-6.42330645645221,1.65851450876035,-5.86643956435658,2.05206440242466,-0.615816842763718,-3.37226571107575,-5.03655575494585,2.64310601464633,-2.27463004673333,-7.04922935969585,3.9168025570096,-4.48127959922503,-1.02747932747206,-7.11387278226069,-0.852775229881616,-3.83955997447082,-5.05600998750159,-1.34449753083319,1.14847293881065,-0.713515810779757,0.641210915884323,-0.256678382381229,-2.33723276414845,-0.158277898470348,1.19879744465828,-0.261257806694643,0.78012548401824,-0.731800816194097,0.0,1
0.269614090485094,3.54975512877325,-5.81035344453706,5.80936957402456,1.53880793351049,-2.26921913566818,-0.824203333436328,0.351069915343584,-3.75905945636624,-4.59238980599474,5.47939151009669,-5.65785754091816,-2.6480760898503,-10.3848897408947,-0.225946407826958,-0.701882908954806,0.409735840500415,0.939603694029483,-1.95429995537505,0.310524633435283,0.371121111209288,-0.322289520392532,-0.549855883222537,-0.520628958812409,1.37821038664663,0.564714292689441,0.553254713878568,0.40240000915925,0.68,1
0.754315925858731,2.37982185248504,-5.13727449343089,3.81839172249665,0.0432026520139663,-1.28545137361934,-1.76668362059541,0.756710661816359,-1.76572209782095,-3.26300672553831,3.59279683214404,-2.77234880583364,-0.0745336542111445,-6.28109364908023,0.165978009089423,-2.67917124597012,-1.38555652893852,0.249056748544312,2.3534526931986,0.369662961829814,0.397057600980957,0.141165218358707,0.171984534755456,0.394273775761011,-0.4446418368392,-0.2631890643687,0.304702950350999,-0.0443622747894533,2.0,1
-9.16978982388629,7.09219680097303,-12.3540368689178,4.24306897383907,-7.1764377547738,-3.38661804868541,-8.05801194656602,6.44290866379074,-2.41298660229065,-6.13490688724113,2.82667122820047,-6.30984277729399,-0.623002385785158,-7.27986921938704,0.924233225976226,-4.21553713481175,-7.17167241498026,-2.55033668458713,0.596364320528384,0.816651661759946,0.926156961108813,-0.817706132334589,-0.150434415715838,-0.039383059739641,0.485639753958673,-0.264324608977439,1.1596904600617,0.232758088392131,99.99,1
1.14043132434726,1.13424300279892,-1.42945474072655,2.01222598912655,0.622800198240135,-1.1529230868157,0.22115947772768,0.0373717733484629,0.0344859259841517,-1.87964382107016,2.19166507997652,-0.487849732811135,-1.75713709936308,-4.46105120749925,-0.402884205654366,1.4109171085787,3.61925125200524,2.28492676267757,-0.443999191918561,-0.0997118777920308,-0.367136001490949,-0.891627120817809,-0.160578066799212,-0.10832596200032,0.668374321480191,-0.352393242949003,0.0719927692746503,0.113684370071235,1.0,1
-7.62692409246447,-6.97642000754641,-2.07791115073952,3.41675415987856,4.45875840248762,-5.08040779918275,-6.57894786782983,1.76034141396682,-0.599508728352202,-4.00174208524931,2.61176184321338,-2.21069105518154,0.145323220628924,-5.28167813117348,-1.44622731547596,-2.34217826208892,-4.44208205885268,-0.812202197039381,0.254771833248553,2.87526030369363,1.22479498325958,-0.656639147267532,-0.330810728527997,-0.0789460153087798,0.270305924800976,0.431119110160139,0.821381426988655,-1.05608777393768,18.98,1
-27.1436784229495,15.3658043803315,-28.4074244550982,6.37089534679314,-20.0878775718571,-4.66631306343841,-18.7094788213717,17.9035743750222,-3.72227873753244,-8.12096173759343,4.41994345577668,-6.21094112120869,1.06383739513242,-5.84352838067721,-0.108836449172905,-5.60659732565665,-11.7562556050179,-4.71494676131661,0.783577593799492,1.70388764553958,1.79682638880552,-1.96097371657716,-0.90224745220798,0.144011442167384,2.02438803943008,-0.204214065769385,1.33215305903359,0.385890728011147,99.99,1
-5.62246941906299,3.48062317879011,-6.20067659397487,4.31123366835313,-5.22628632428769,-1.34176357284987,-5.22094094197327,2.68284353707778,-2.92148438224053,-6.56125741097377,3.21126387844398,-6.86166051434144,0.326461834627394,-7.7552536640417,0.50465219263742,-6.27661678567251,-10.6117146970978,-4.14677374512684,2.19728771323892,-0.156288522686099,0.949568986169808,-0.428985749759671,-0.35067550041691,0.197549503550848,0.15923422951036,-0.377790861014248,-0.213561786254573,0.459528918054306,219.8,1
-0.440095203221886,1.13723897606434,-3.22707975693117,3.24229293383089,-2.03399815309639,-1.61841464754635,-3.02801259904704,0.764554819893569,-1.8019372093973,-4.7117686842189,4.66325458481107,-5.17173460782892,-1.62407024790733,-6.71387819491558,0.607986267670607,-3.27520749888835,-6.8238312134789,-1.35530868624906,0.291250739005026,0.895840844006848,0.764186724577691,-0.275577693085964,-0.343571526478397,0.233084829252444,0.606433640125543,-0.315433462199896,0.768290751269875,0.459623327730251,227.3,1
-2.92382666427262,1.52483716405302,-3.01875803326242,3.28929147538496,-5.75554237361289,2.21827630310359,-0.509995431790455,-3.56944356866613,-1.01659168855188,-4.32053577559936,1.27720226474415,-3.70174966668488,-0.97186959353265,-4.85777667212588,0.0906055221312176,-2.80150199048762,-4.18680753704806,-1.64840609367465,1.1764455977519,-0.447039406719925,-0.511656805196235,-0.12272408639124,-4.28863899895194,0.563796657800838,-0.949451350280346,-0.204532177495445,1.51020648735902,-0.324706012560446,1354.25,1
-8.44028396323147,6.14765332384605,-11.6837061588856,6.70277957100753,-8.15583929706995,-3.71626415558662,-12.4073130564101,5.62657129554302,-6.23216089363823,-13.3866834395246,7.60555947435276,-13.351815018081,0.827049642773684,-14.9794773489142,1.53281308437662,-11.7714969677127,-20.2992165093576,-7.60911006016911,3.80913643570604,0.520732330180873,2.19285541971989,-0.282596814624446,0.0080684981124645,0.403858336982018,-0.0187883930291726,0.522721636106603,0.792690689790115,0.0677895462043786,30.26,1
-7.03030814445441,3.42199090467553,-9.52507177254752,5.27089100906596,-4.02463027558805,-2.86568161775739,-6.98919473439446,3.79155093755913,-4.62273033596451,-8.40966487562735,6.30904400603177,-8.57676143258937,0.246746716929862,-11.5340460181508,-0.3642651387587,-5.45249465771382,-11.8875700201872,-3.56358481007011,0.876018768156628,0.545698040621445,1.10339774484256,-0.541854751589521,0.0369432219896495,-0.355519004066217,0.353634382097,1.04245799282131,1.35951563156376,-0.272188101257294,0.0,1
0.202402312000145,1.1762702245705,0.346379123966988,2.88213779866317,1.40713333279049,-0.504354582435915,1.43853746015701,-0.395603478739171,-1.5551416238588,1.08151398923906,-1.51420473629918,-0.97376404264957,-0.709928478785898,0.141331683969234,-1.47031415230732,0.418268345647957,-0.828192503935611,-0.302239423372689,-1.76235002438458,-0.206238791066218,0.242560469143593,0.841230120611063,-0.370156596962237,-0.0260123796205956,0.49195423236033,0.234576263356619,-0.279788418223114,-0.331933388032899,7.59,1
-1.82429505976067,0.403326526860602,-1.99412200641801,2.75655816357726,-3.13906432572579,0.408185014718199,-1.20904511871624,1.09563435393431,-1.44722489217345,-3.95100289197434,2.56070020158284,-3.4119829114195,-0.781669619949492,-4.7327675351632,-0.433973654922625,-3.30608841178359,-4.23102187544855,-0.750809770409941,2.69080834203374,1.50368830479002,0.838760421033887,0.341727095787049,0.947506491293615,-0.145493002452622,0.0493257725258454,0.831065451615044,0.33242130393302,0.252712728641008,489.71,1
-1.53281036094493,2.23275183861699,-5.92310007493809,3.38670841159996,-0.15344334000728,-1.41974768064009,-3.8785763388613,1.44465586239817,-1.46554214173397,-5.20833459337633,4.54630106888309,-7.76119403219115,1.15954032168956,-5.23161145654992,-0.171642119460071,-4.71982949844975,-4.84799196061678,-1.13432874514983,3.52773827223549,0.520839865969216,0.632504705856676,-0.070837950713368,-0.490291315112446,-0.359983126080465,0.0506775325943162,1.09567132878655,0.471741401676933,-0.106667140739625,0.76,1
-0.451382569628168,2.22514650025341,-4.95305045271638,4.34222824814605,-3.65619018970243,-0.0201214656089607,-5.40755361778584,-0.748436141338482,-1.36219775131112,-4.17062288702767,3.76230638231684,-4.22622469486547,-2.04669403006077,-4.71049793587464,0.217572360008267,-4.73908378383857,-6.13188675183675,-2.42587063860491,2.31416486951171,0.724381267691587,-0.575924092076688,0.495889440695266,1.15412793921228,-0.0161857864909953,-2.07992826296301,-0.554376906341192,0.455179270612071,0.0013206564598543,113.92,1
1.17075621526687,2.50103820829712,-4.9861592332247,5.37416005823382,0.997798392058317,-1.25900447846418,-1.23768881403143,0.358425624933301,-2.61248850396066,-3.06472953093127,3.48060170327307,-3.73515295429888,-0.594777601745956,-8.22995199210048,-1.47609403608015,-0.408470612919959,-1.48128347210329,0.347626692232083,-1.16441437126035,0.227618255472955,0.123145442805288,-0.713201110003824,-0.0808679133866204,-0.964310260780621,0.338567587684323,0.068629851804667,0.481587901111279,0.268225854368505,4.97,1
-1.61187733763361,-0.408409922870926,-3.8297616763406,6.24946176104187,-3.3609216090486,1.14796358238383,1.8584248531717,0.474858318489524,-3.8383988155266,-1.44537495699985,2.11390001406861,-3.25970246526323,-0.315347339360454,-1.80810297319338,-0.741877295217489,-2.98692008764678,-4.81586301103402,-1.27165458831756,1.70168502365985,2.42567742975765,1.24558218578459,0.616382702131439,2.2514388799998,-0.0660963924813517,0.538710327489417,0.541325493308062,-0.136243382191672,-0.0098522563228139,996.27,1
1.32272425078878,-0.843910597775511,-2.0968875375015,0.75975906867787,-0.196377115172222,-1.16635257897589,0.482534011071884,-0.349790812508124,1.04500741682416,-1.47497416110315,0.0110374511201705,0.483019027615191,0.665272820090391,-2.33279338224807,0.820578433757924,0.461206283587447,1.46805197816555,0.891705535237246,-0.45793403989618,0.585434736822602,0.133814675110081,-0.121562328444589,-0.208573690328062,-0.254751784229223,-0.0983244022531656,-0.613874016689451,0.0026541572433407,0.0723858076215552,357.95,1
-4.31247908052279,1.88647569827836,-2.33863356144698,-0.475242891532036,-1.18544386151204,-2.1120788975769,-2.12279296550593,0.272565132222544,0.290273064048255,-3.8337413849476,2.50978140392157,-3.61123136485112,-1.02429952994167,-5.29192495475268,1.6498073488757,-3.26265841898301,-4.33311795972043,-1.86304896791862,-0.0095336065683719,-0.718705614884897,0.550540662080627,-0.0678702198276179,-1.11469186343039,0.269069433187685,-0.0205724593187757,-0.963488862263668,-0.918888353795928,0.0014535621767338,60.0,1
-4.15301449873357,8.20479650456012,-15.0317142097481,10.330099825448,-3.99442609736294,-3.25001318447365,-10.4156978119079,4.62080391044331,-5.71124797098224,-11.7971810675777,11.2779207278067,-16.7283393320915,0.2413676825577,-17.7216383537133,-0.387299923381284,-10.3220166783853,-13.9590853730538,-5.03071003831832,1.19726633504633,1.41262488019492,1.97698839609887,0.25651048717528,0.485908106513804,-1.19882131436036,-0.526567394687845,0.634873502483478,1.62720907623952,0.723235068518316,1.0,1
-20.9069081014654,9.84315322329519,-19.947726046163,6.15578864849515,-15.142013159868,-2.239565648142,-21.2344631540976,1.15179506554623,-8.73967037069304,-18.2711681738888,4.67734929657245,-9.58356643737056,1.03516582361622,-8.19969002891841,-0.32651888245129,-8.37643882097816,-18.4854603221489,-7.58997395860914,1.1266403652792,0.396654845079575,-1.97719619445615,0.652931885295435,-0.519776859411322,0.541701730134149,-0.0538607606750096,0.112670774311131,-3.76537100922261,-1.07123831223447,1.0,1
-1.37097577264543,-0.0254646126717458,-2.77490691587532,2.65053018469314,4.5113092908958,-3.28934368164807,-0.118841441826044,-0.0142794452575209,-0.932772843574534,-2.63744174460075,2.85877650156878,-0.553179939159781,-0.758491998019469,-6.45502910306118,-0.154020882316443,1.32383297549701,5.5802092523309,3.29368759380439,-0.13769358207354,0.701291826581395,-0.0480610880626297,-0.59935003028155,0.0721929949962486,-0.600351420040195,0.371330623587411,-0.370950985387369,0.0119702494393591,0.145895338821258,1.0,1
0.467991939825149,1.1001181155631,-5.60714499999017,2.20471352581391,-0.578538842835423,-0.174199760931247,-3.45420147180469,1.10282268929697,-1.06501551547524,-5.41603688884657,4.49792897288062,-5.01960988798824,-1.01969120130359,-7.91498900748283,0.669648023350281,-4.47201433366572,-5.8569977597527,-2.2431779037749,-0.17381402447058,0.589574721718141,0.983480729453912,0.899876105807612,-0.285103424654105,-1.92971710448514,0.319868526124677,0.170636428415686,0.851798305715368,0.372098282227753,120.54,1
-2.20763091845218,3.25907610397605,-5.43636546967173,3.68473739367705,-3.06640091036945,-0.671323195313701,-3.69617839443207,1.8222724578951,-3.04965272773018,-6.35388725151755,4.35148149710451,-6.4532473302497,-0.0614319367541572,-8.44287285721034,-0.328820639839654,-5.44079518325917,-9.5180378916264,-2.43806861829455,2.33675362049059,0.808336360421968,0.920899033968287,0.0376745089378149,0.026753977510545,-0.791488823729947,0.176492777047381,-0.136312279131778,1.08758482385547,0.373833528935625,240.77,1
-1.16920341321234,1.86341353532436,-2.51513548140496,5.46368064632147,-0.297971322569218,1.36491803995482,0.759218697057941,-0.118860976595472,-2.29392142249704,-0.423783865294484,2.37587561688329,-3.24482729860534,-0.556619004651202,-5.15247483394519,0.0509063245131081,-1.02204502568313,-1.64650484628376,0.126459752723905,1.81901276401306,-0.299374112945613,-0.393089990476079,-0.708692350094872,0.47130870257521,-0.0786160465959469,-0.544654650975683,0.0147767561333222,-0.240929959465545,-0.781055195837041,324.59,1
-7.81133404507494,6.96967954121104,-4.64921159935177,-2.94943426482659,-0.624892547819413,-1.59021714962957,0.765962635064992,0.568942287510636,5.26959843783849,9.23155691180847,1.21914010695964,0.604375860050267,-0.977137495119258,-0.901065959538317,-0.318567104442159,-1.02362195068446,-0.741933796024212,-0.248739324919259,-0.715731393331543,3.56788667751926,-0.571304489809913,0.380835581976577,0.227177904615413,0.667859480354967,1.06858409059334,-0.0194207707734761,1.53494755096544,0.671388816323124,0.46,0
0.869423345390536,-0.607479541440842,0.336086985567246,0.781818111938284,-0.775951807996545,-0.370453499596298,0.0136956328927747,0.026510063511296,0.365969164191782,-0.0847376476642183,0.85999141104218,0.583959722746691,-1.18572213906021,0.376478324185917,-0.76069448174372,-0.0056232893947309,-0.13880378192985,-0.0734414361861479,0.496290233246619,0.167849875233579,-0.0957556371970323,-0.564942405546403,-0.129261761426978,0.358448514517247,0.302819811071714,0.342941321566625,-0.0730876943697551,0.027958393576867,174.47,0
-0.79350000465119,0.761478267409463,1.67617724819201,-0.858703297009666,0.311745587234081,-1.68476306163631,0.973105324887622,-0.39953211365971,0.608199445067932,-1.31888158733437,1.06702658044249,-2.00978991072166,2.22504533753409,1.55167720270149,-0.668431381029877,-0.0225119995479056,0.410314305635369,-0.53883955673668,-0.902939865403726,-0.0093253438263019,-0.0834405389850453,-0.124702419261951,-0.112607753691413,0.950299739603132,0.10165826439036,0.807277553441649,-0.0864894126964605,0.076581313248403,22.3,0
-2.95774572780402,2.09572795220262,0.837336691088778,-2.09704860145648,-1.01250044052965,1.03086861195655,-1.5530936180118,-5.94648337557258,2.66230929720039,0.904936240673267,0.855568956405415,0.958989438855868,-0.900278564258692,-0.582497387456298,0.300067553022908,-1.05179957840667,0.236958237963242,0.892151239221257,1.97315148580971,-0.823361537876833,5.49124839698723,-0.935814613998351,0.49124808712098,-0.0276296461321292,-0.0149027475583644,0.110079622456956,-0.520144469823474,-0.150497632849212,22.8,0
1.93538583126252,-0.224695399407039,-1.68170014313727,0.518686808494546,0.143779043419401,-1.28911340307516,0.610695497564314,-0.473614867370005,0.336711388854195,0.0600444487488049,-0.796245721295521,0.487834967255903,0.105684464563705,0.390965040518459,-0.414857351345435,-0.628748128226721,-0.0246617027393606,-0.949055695417078,0.100974301947074,-0.0782496949072649,0.0186636110433395,0.118134002322873,0.015349985040525,0.0583383850712218,0.143632956442219,0.555107738510181,-0.106240477411265,-0.0637826470387363,79.95,0
-1.01907316622507,-0.137270326260832,1.44083010510949,-1.28295557425242,-0.162210710649147,0.880379204208413,1.03344638963251,0.214499864431974,0.0299153106018283,-1.19632152754622,-0.367936358072529,0.746165138536852,0.998396934867317,-0.555148664766361,-1.31916599405826,1.47239390610463,-1.7823986032508,0.905603255235397,-1.06413225220231,0.363962860293011,0.305461452596594,0.528729089616062,0.140790055272723,-0.996637221955269,0.0951154778465542,0.26860441489225,-0.0021824903492664,0.125232620056682,234.0,0
1.17175928058184,0.24694904019646,0.569173011545872,1.05374745562685,-0.473210323317743,-0.704331653028394,-0.0231564903615706,-0.0244886968114028,-0.136945920055976,0.180608110715884,1.42299906986952,0.691986294248557,-0.619849335872903,0.647720901449585,0.364804788680633,0.335434357290922,-0.620742279993206,0.328094429316516,-0.157155983382061,-0.166509314495338,0.0060803607736932,-0.0221805395901612,-0.0021566101346096,0.502137445386739,0.465557473621271,-0.466881870986546,0.0150907598737949,0.0165965407055221,5.95,0
0.937240439923766,-0.676407903780803,-0.344747024368001,0.900693018266592,1.57199755015546,4.47844121387822,-0.969400400568533,1.03838985373297,2.41045639572981,-0.738263287379923,-0.172032699877712,-1.83909123057336,1.25452910570442,0.856203435481537,-2.47709019106795,-0.535084566310795,0.738885089626256,-0.146679309991921,0.662494818188759,0.153377779934528,-0.571668840839868,-1.40083595101204,-0.0790486672841736,0.940693462305309,0.584642945120204,-0.575449681089003,0.0258432012665448,0.0406560739452735,136.99,0
-2.23801951573907,-1.0950111238734,0.441527781666358,-1.15102463806114,-1.01956767151773,-1.12312090755522,0.633687060549081,0.0590984013897935,-1.44531800986433,-0.036009631948809,-0.745820562313606,-0.0330696378163848,0.703456086651406,0.217741319310283,0.296880922009768,-0.867211572797203,-0.155091276638888,0.810512290022572,-1.21238075780618,-0.368220476246134,-0.486796569301884,-1.15525547624859,-0.0647314958695782,0.434019671486891,-0.475260275600179,0.639027843615569,0.311262367528164,-0.232132567655553,292.82,0
1.22701848117369,0.259482777634245,0.41577253744314,0.920195844511484,-0.0816869530174324,-0.243476195232724,0.0032724989181576,-0.117104274019592,0.0868825034329581,-0.0769529167440027,-0.907684109082236,0.551968290319667,1.28460117102577,-0.0251535059248169,1.11905985413438,0.572898929218003,-0.913410846294132,-0.0423785394772335,-0.0658028895341659,0.0094280648476073,-0.221273158933871,-0.639740991379392,-0.0234599246009219,-0.462853020552435,0.437954221436929,-0.577343635983534,0.0384350727554789,0.0324501930590407,27.87,0
-2.3702683340361,-1.46553888290727,-0.855699547619642,0.234437364617842,3.81717927449599,-1.78747718291777,0.216153428352213,-0.227568138851868,-0.573892911526881,0.224010132239735,0.232676067954528,0.294779976684936,-0.5599610277871,0.880403561243136,-0.985715351665716,0.14581067105081,-1.16378740711179,0.258991439356059,-0.570013395405764,-0.726127333873166,0.145899798383058,0.613339740591342,-0.47396715781181,0.268163240066222,-0.157721902215826,-0.741380760824913,0.024968311558502,0.558609511025798,59.88,0
1.21506315664594,-0.0903280098946336,0.860520120138301,0.041154842404072,-0.914155876830259,-0.679975249631265,-0.444149207953776,0.0001030678388936,0.141283578413923,0.0185885017326769,1.61911079564039,1.03114149862461,0.281047499577503,0.195432035359659,0.571692716790119,0.638972443442054,-0.629036424381142,0.275929906651279,0.0152446161127311,-0.0477118796628481,0.143073480115823,0.434756586153155,-0.0044684511734006,0.619733015949226,0.186558033925887,1.04051917685669,-0.061716305642108,0.0020500240341678,1.0,0
-1.33037379471566,0.581749980945934,-0.461117437191677,-0.957115172035758,2.64435019035571,3.15328157478337,-0.0107694335355332,1.24858434559245,-0.810206319475926,-0.757482644072679,-0.495162983406688,-0.122363663029827,-0.103701505191902,0.650756008302327,0.552337001368351,0.686529321333812,-0.986284092067131,0.414490251700258,-0.516736173447893,-0.0986592699442366,0.0708514099202348,-0.225153223688435,-0.23348515837155,0.98983285594759,0.967538522506469,-0.397509307267109,-0.277522987053871,-0.116916260754841,34.19,0
2.31507349750315,-0.64995365529863,-1.89408073372351,-1.18080618922669,0.043353645263542,-0.748155104270382,-0.277697982133981,-0.256286929138359,-0.474477417547592,0.896429855819649,-1.40605115485366,-1.45769325461745,-0.897665005998372,0.334658990073207,0.462264743046178,1.15013928183248,-0.0244548668984178,-1.35245029273359,0.972727156511566,-0.0857437436018896,-0.0251218734983508,-0.188808506526216,0.182245629228934,-0.0037192203139373,0.0164771577248983,-0.299211740434396,-0.0597109644461865,-0.0670956591276937,2.39,0
-0.678677329642856,-0.262572406291454,1.89804386477727,-2.21641689695175,-1.04553451517374,0.495389292833809,-0.837762704213863,0.597909626646276,0.567011106637444,0.237193380318841,-0.544454839832343,-1.11583927944547,-2.30495440525817,-0.825876850470344,-2.14032349324379,1.39860597526084,-0.0031258293986314,-0.42681600599019,0.483167793574346,0.0878186397464963,0.137728418594622,0.658884270963812,-0.197954844369497,-0.503629573009749,-0.285061024644923,-0.265792939198069,0.522521966194463,0.257536545832282,3.6,0
1.03654436220167,-0.0263143527373033,0.358165061840453,1.254182601882,-0.0076723829271383,0.602013362711107,-0.149240927902711,0.319689192317013,0.166330669554463,0.0172461940876207,1.23325568575068,0.809511571243163,-1.17030001569947,0.482677056338188,-0.434430609088705,-0.778258946920785,0.351519979838517,-0.820526719531901,-0.444165611493834,-0.228963791773998,-0.0197550512289856,0.0854718099414761,-0.0508060380723256,-0.290735469485509,0.519011145739957,-0.29974588174542,0.0426802726070737,0.004114815233822,29.32,0
-0.432693495498676,-0.343826620233348,2.5536600675811,-0.731590905022294,-1.28908002041967,-0.414012266354572,-0.849611579747929,0.177331574802706,-0.810048085655494,0.361443395219444,-0.827955398720413,-0.903211858013504,-0.191906512586029,-0.293675298667937,1.74514797021301,-0.965910671444408,-0.0439921029136929,1.9863982982339,-0.329812907833013,-0.251293390352161,-0.0480873268646693,0.247203601063408,0.0027025830216434,0.419786383454619,-0.667314213547606,1.16935453103594,0.0981903185930546,0.13674538664193,17.0,0
-0.935829085503183,0.642626966898057,1.70463362843256,-1.29176904135134,-0.0369631068819183,-1.07198181258541,0.896720675904819,-0.300101244760342,0.259396250051946,-0.232531419900244,-0.290675896593277,0.121078423437939,0.452781500584505,-0.423873529437566,0.519620886757461,0.492191788364029,-0.821736668679276,-0.43729205549255,-0.708749159297809,0.277281580012352,-0.161685539732185,-0.145473934038382,0.0082425171048787,0.422429916670257,-0.271464287445395,0.69754174133927,0.214782129691812,0.0269208287246496,40.01,0
1.17095801525997,0.137796156301603,0.26391608273524,0.542337585345962,-0.27284182555055,-0.316284211772251,-0.207974330035468,0.176697200128909,0.0209401448475504,-0.108716354797001,1.5677810704809,0.124262639846309,-1.539460856992,0.267647665675906,0.82779585743259,0.46118026316715,0.116162135315915,-0.0481252143057908,-0.254627221585797,-0.209596659071241,-0.228120553854997,-0.73919205527483,0.166787426235868,-0.0677816103289585,0.0576776245713625,0.112499298779512,-0.0211024428464496,0.0134794877382209,0.89,0
-0.559434964330661,-0.134650020681355,1.55564534400647,0.134533700931362,-0.115732641539824,1.27488030899796,0.254282687981694,0.373931153180021,0.168318490166071,-0.665228884468822,-0.232033238128344,0.98394462871956,1.56471338636174,-0.642244318485874,-0.268904216703494,1.21050326107021,-1.64354335749045,1.41387096915683,-0.486779646080903,0.373791658706721,0.398160237750285,0.939271384961158,0.0815266564838184,-1.16645389093676,0.176122163040026,-0.537561634693955,0.0341379111891033,0.0056488496229145,178.17,0
-0.485167871405136,1.48023902180385,0.957639030913831,2.54225146957995,2.15313944454775,0.181755480760793,1.89896473091018,-0.586657074713065,-1.81601597341287,1.12775415652165,-1.44331075572482,-0.701067167566176,0.113587416134227,-0.245398622823811,-1.64978948043767,0.153018056847936,-0.887370599611454,-0.649946504593594,-1.20995613069093,-0.036123571483741,-0.0685503394932605,0.0910722824650658,-0.464050954483645,0.573253322469805,0.378528153009816,-0.0572631212846063,-0.402888657701289,-0.326929464623776,7.85,0
1.99853741132006,-0.114150281551943,-0.56883916593664,0.59370407922965,-0.340370307004641,-0.817537995875016,-0.0826973800896757,-0.194737261244037,0.719569440101191,-0.005457134273362,-0.646849507671689,0.854531220822041,0.620404586593055,-0.0346762766134721,0.0183739604580149,0.0091343290174345,-0.318481840086302,-1.05584600901636,0.0806168050018633,-0.188603091012715,-0.480195902681705,-1.24085866420488,0.514329982717762,-0.0502029270346889,-0.597309733455295,-0.241302731440397,-0.0266034561855961,-0.0426528782934682,7.99,0
-3.06151801889666,3.15326288939046,-4.37791211426186,-2.39507621616552,2.01482138533667,2.59760499981841,-0.718010027194685,1.57168822692079,0.0486522712869042,0.677073239123071,-0.605084671933436,0.640825491810034,-0.249198817318331,1.76065145478062,0.160958348283049,-0.389267920650547,0.195422561051889,-0.439696760081536,-0.474709951110144,0.163619995433927,1.02066761349929,0.361870088494306,0.203744358700326,0.710629593981324,0.139773816553574,0.138962410812268,0.434740624306161,0.386931172849991,0.77,0
0.827008700754161,-1.02529403168549,1.03301964543305,0.330542987469258,-1.51256877040603,-0.145188597197416,-0.607728909154399,0.212276660585257,1.09263064675451,-0.327093986741994,0.88574720986517,0.70415628908312,-1.30865144784981,-0.0710052128116746,-0.866035566694379,0.095018508239777,0.0410906045295577,-0.0293419201990351,0.632582636505124,0.194421999810092,-0.0801895026703535,-0.449598123516193,-0.0413461975454201,0.598441524225745,-0.0232747961692208,0.89805343357188,-0.0769954945969722,0.0331549682955603,177.44,0
1.97769883859585,-0.356075064994237,-0.410969292417344,0.15818798078324,-0.560310143554842,-0.352859633473039,-0.597987621882528,0.100611720506699,1.19020633083854,-0.0358927950011617,0.576894294399856,0.725844106820733,-0.622214250894087,0.386107453856749,0.462167164203367,0.542400018510103,-0.984709237240128,0.694322530872761,0.267676672376383,-0.268926506269315,-0.095783777400709,-0.202400266571179,0.309993708816524,-0.413903520266582,-0.3776051418936,-0.921477027592616,0.0507544704133047,-0.0417943068445752,1.0,0
-0.261168972961766,1.11142154708844,0.739626395140018,0.929601872651989,0.638355791799894,0.0224367809442702,0.561239654924408,0.0944044110793876,-1.06914927415224,-0.358931283392923,1.25974637708625,-0.268756296326215,-0.984265810463203,-0.343066115796705,0.999091516824738,-0.629774093415532,1.41458735964469,0.75695703566304,3.13042164224867,0.313475494667973,-0.289390500139635,-0.823436625808689,-0.217234790822243,0.681741113951176,0.0735897594086647,0.718073972865303,0.0368312421030962,0.0885744607127098,1.98,0
2.29471131761998,-1.03992595700617,-2.00465622748498,-2.7791571325597,-0.196172070716355,-0.733145225553548,-0.279529882800956,-0.396432082152116,1.12665691371762,-0.546415935628736,-1.49382774986268,1.22205581729953,1.72142907102614,-0.296869734465893,0.0618558954825516,-2.99899561719675,0.118239632301024,1.29821323826824,0.779917502546159,-0.500980799146285,-0.214606242556107,0.355728421186236,-0.101998621146155,0.105311563739058,0.623505739064395,-0.54926206945891,0.0658268485495789,-0.0539431652215853,6.15,0
1.8783495062062,0.155261079028784,-2.26463143432212,0.783189988642238,0.939038108018102,0.0468276745630785,-0.0079883741476913,0.118881744149372,0.724629390908369,-1.20019861258395,0.40847289941401,0.115246136660467,-0.424321125024189,-2.52434831000594,0.433280249914066,-0.60952156916101,2.94987914575671,-0.823668276230022,-1.43795115396801,-0.252854767507651,0.0730998108415194,0.646621694333052,0.049757432643784,-1.10351716443258,-0.0368041286872423,0.820112722811006,0.0155101169770505,-0.0225375564071441,12.31,0
0.398712668615664,1.72482350935285,-3.79492535399804,0.528056305675663,3.16399282840455,2.33521565184228,0.0054511885331152,1.11066788466978,-0.572589650304402,-1.2409708648241,0.797052441415289,-0.687141238258744,-0.218388305113853,-3.09573316722207,1.2453704590581,1.2761493090606,2.48897126136145,1.99645195368249,-0.0398013583692929,0.0914696086323137,-0.141770831030878,-0.485936971654215,0.123842021367187,0.653565294205263,-0.286417043247437,-0.395777919506644,-0.0010244681799913,-0.0580183550426908,1.79,0
-11.25023860982,-1.52631662537207,-3.52079866417389,-0.423604122107457,0.870423352225669,6.58569952201674,-3.23488116188327,-12.2465589835716,2.17258651206472,1.43635887766412,0.178933782721556,1.05143423055557,0.150656143289851,0.0583725440699169,1.98813401210427,0.954925579838518,0.138888485602516,-0.0835730255970778,0.450092605261093,-6.34228613995584,10.6723476866221,-4.48671804787995,1.61179593806992,0.752271613124726,0.822231382470985,-0.27048287730145,1.61921104539623,-3.30998081045734,73.39,0
2.01019623094033,-0.633831598321949,-0.571361579889622,0.262779933941761,-0.64246397064086,-0.21442059702012,-0.733996595010607,0.0364794630534343,1.49989476350782,0.0211920757870444,-1.83670132835888,-0.46300891858639,-0.769350124302488,-0.107094441655947,0.528153490935568,0.581923834976556,-0.679979697721221,0.401162597037777,0.0235250884932426,-0.19252433920043,0.161853472180028,0.614208102501699,0.0367999927832909,-0.669148981315924,-0.198249251319109,0.787769419170754,-0.0391490097842734,-0.0562307855493015,27.99,0
1.13690686355595,-0.871173266008561,1.3199652028575,0.32074892078279,-1.12437566443205,1.46010641345979,-1.4845091604591,0.719219491060484,1.97589593215791,-0.385115201551026,-0.46339350614678,0.269806294466024,-1.99045472778036,-0.633220902002168,-1.67038586338493,-0.208824759691433,0.316202803030925,0.0043734641048499,0.861965428241108,-0.229440733586574,-0.123013566138924,0.0727050238535501,-0.089946626513997,-0.742321725035403,0.211990512298899,1.19736383095648,0.0069260433867626,-0.0096606632421961,1.0,0
-2.9449985368215,-1.67335747508215,-0.662442063142127,-0.490696178591012,3.69055341350772,2.63698578722759,0.179695895260426,0.352062316489486,0.199619727307378,0.41826157347013,0.234330866699514,-0.418762659302631,0.126806588593944,-0.814944681694069,1.4314448042083,0.860503129337319,-0.764560660363058,0.21054938730103,0.667732988211214,-1.49841904343258,-0.951300923516988,-0.639919542947718,1.80611122299471,0.968812457669647,0.500121040079292,0.162829488822956,0.414174134271338,-0.58655378856939,34.48,0
-0.609509153145429,0.847509455090334,1.14293662232013,-1.43488105087647,0.173467641433564,-0.313434906332555,0.491160679542477,0.101447153640328,0.233073690228422,-0.416222609349066,-0.588880969584,0.23782093429486,0.695245298176638,-0.280271192550723,0.756025166346222,0.466869255602134,-0.655350112365017,-0.737674191084198,-0.950537696760064,0.158546050400835,-0.139246788310796,-0.213577000392863,-0.0457840786731782,-0.410536056763654,-0.179825324744437,0.788916965649405,0.305493841942581,0.118474348139995,7.68,0
1.24743980908367,0.269971387624895,0.28104121809,0.706477922780817,-0.463573937048284,-1.0952089930645,0.0257895628191727,-0.149208879037405,0.180541740552532,-0.255811607314698,-0.233197082383441,-0.286581076126079,-0.754481265417002,-0.09128824403729,1.20210790355948,0.525050045854967,0.0509867025385779,-0.178019268588153,-0.193196181567032,-0.135061218150862,-0.296326191417418,-0.91245532721559,0.13744631853864,0.318723559282555,0.181331319074292,0.0972423123074888,-0.0302807559362649,0.0294496270020278,5.99,0
1.18881228143143,0.12860942542788,0.126827059807158,0.466936968196025,-0.106855064012029,-0.126305800951738,-0.203854784974048,0.190557306216733,0.0261363308670798,-0.112743597602464,1.29550535041882,0.0759393450667943,-1.37096093623707,0.226629736984877,0.839764583339678,0.551290511037689,-0.0084782403712347,0.0450425265899269,-0.133501530152685,-0.186496096481466,-0.246636003852973,-0.791478163854257,0.122849230954625,-0.390732800530003,0.103909712503864,0.132035444099528,-0.0213081364681938,0.0108805167753525,3.56,0
1.15000520763426,-0.058590826964343,0.372711116351456,-0.170625825589715,-0.390475670484707,-0.48825026856951,-0.0487944696216014,-0.0195259311775275,-0.169624438565654,-0.106332984427093,2.00873377706688,1.41882641894255,0.562693912143425,0.389992251824671,0.518825264161804,0.0308614662717021,-0.1969235638635,-0.75519744824992,0.008651547725957,-0.006185197180454,-0.115453425079236,-0.362785821632969,0.123085813565938,0.297408715542908,0.0526256148723076,0.8414967943912,-0.0752858975824714,-0.0013765840377877,29.0,0
1.67939998178337,-0.748163125968789,-0.574772183381161,0.510830451122677,-0.710974969620221,0.0721627249277338,-0.834094195095811,0.251751584243155,1.09412748883793,-0.367429681298475,1.11352484047065,0.55638833667276,-0.339335055421908,-1.20869761859542,0.311881978199434,1.30151309388111,0.0227137390569832,1.18433634917847,-0.287857188705626,0.123013388302356,0.101678005721318,0.0766532959265351,0.215313775994432,0.677409519520717,-0.650633610087046,0.304505814076511,-0.0242846766296337,0.0086241685064838,135.77,0
1.91295364601537,0.282382762531681,-2.55427072813366,1.30672530056838,1.20963059787626,-0.368361503720233,0.619769722106355,-0.162606015481186,-0.0844861217958956,-0.212246809074232,0.725017085182601,0.464623379533275,-0.457692892271193,-0.778513715676601,-0.966441066804102,0.113854922322638,0.601559012923292,0.705925477750981,0.0099707511699752,-0.100624847724383,0.014522880605481,0.0834108950994749,-0.104400948224131,0.0951716987377649,0.48436416502639,-0.517337852830642,-0.0170034994114038,-0.0277329061221634,62.24,0
-1.95844696596289,2.44613760950693,-2.21911055534767,-0.519680418267251,-0.497069098314693,-1.09830485256379,-0.477576069136312,1.63361477701853,-0.121761585715244,-0.805632508967681,-1.25758953257796,0.470059758248578,0.120022282038214,0.0663818842476475,-0.324285280850558,0.780977968520702,1.01180780049828,-0.086018427260263,-0.330404076503881,-0.0411318796090139,-0.267796802199634,-0.971995257785983,0.317359425550554,0.543723283614581,-0.177960442522817,0.135804472988362,0.0468759103696059,-0.0076343567929812,9.99,0
-0.655612206596883,1.87183920676752,0.118752784394815,0.834080501209864,0.6085151399132,-0.646993393356431,1.03395359573225,-0.40831309483394,1.60207835741942,1.22238838170293,0.882678411790111,-2.30385482428074,1.95734765735325,1.38986946379299,0.226185648827576,-1.06512057144545,0.703164507879284,-0.437062296994151,-0.299670216388806,0.585247002707017,-0.154183924934355,0.508324735112262,0.0569951941200222,0.023716177854353,-0.614720130656573,-0.436250029098481,0.685590223120438,0.248956622184999,3.67,0
2.17773778422753,0.116972960097768,-2.35347671691298,-0.0923921019590372,0.758385061511771,-1.44066894777233,0.807133101254499,-0.581193528669794,0.248733809668197,0.0219657029343718,-1.23829213504127,0.0376296449867679,0.0311069025716147,0.772107073065359,0.420212318120575,-0.445403955877651,-0.50226380914099,-0.326227759483924,0.3638015123049,-0.218683246494091,0.103906231568779,0.451724494960495,-0.128946168741949,-0.594844317447293,0.530728815549437,0.280981026306715,-0.0871182181453408,-0.0854619155379813,5.39,0
-0.305004979062933,1.01542301388094,1.58672087591446,0.117416406391889,0.0454697679543289,-1.14940755841206,0.926536872984686,-0.321358372024632,-0.294407849269861,-0.306659085531874,0.198275371389477,0.0260516316443124,0.198997411025433,-0.648393925124382,0.884085245945759,0.197094339424865,0.0143990548273932,-0.289088149702633,-0.212412655900576,0.207510534679111,-0.285590942357142,-0.592122480696855,0.0054213347038336,0.664155944233277,-0.221093389046259,0.0224907996776537,0.0802079978574123,-0.119927697453098,9.51,0
1.49221012366399,-0.802804661419586,-0.506320603760145,1.76440156274311,-0.569665820487798,-0.192654096778171,0.103164639149083,-0.112968836277187,1.03484780726946,-0.14435783170008,-1.12252002717644,1.16981138141506,0.589669619626522,-0.363020946731804,-1.22525632389967,-0.491810874985933,-0.0284717322111178,-1.02215839573846,0.0630101323242981,0.204963419422102,-0.37374489101094,-1.24039120638801,0.23807827252337,-0.0655876170136789,-0.390593991510658,-1.12862566273224,0.0205517442823975,0.0099965083983491,232.12,0
-0.396483905549448,0.0714675878908628,1.24304921637444,0.207566521992563,0.453942302055381,0.216096046443682,-0.0336917498818892,0.114095571294636,-0.710351110301007,0.0150302724635351,0.600161881088292,0.874409088103568,1.68798183328884,0.0021008074738949,1.18844139040882,0.26815447262942,-0.564530628854189,0.70452607862535,2.43264150709004,0.569827366365231,0.0051907721913295,-0.139464560733096,0.164014507282503,-0.761911240245532,-0.886759776899401,0.976125460417304,0.0991918516055935,0.165878104710738,59.74,0
1.20003721160465,-1.51506308644446,-0.16229453161042,-1.37930060637185,0.551731214084676,4.24022650295356,-1.91099946026243,1.13926131966767,0.32888858269781,0.349984444766104,-0.734705234617243,-0.352898789024569,0.10102248153197,-1.04151762169701,-0.614919679152658,1.11948069086688,0.200985671338502,-0.803059625148722,1.16689226494008,0.358438853055121,0.175245621656452,0.415324359062846,-0.193276993348816,1.06955110408752,0.565250407398068,-0.0666935939171407,0.0621559349265065,0.0373366814779834,98.06,0
-0.625184713747616,-0.209622679328477,0.708678127816371,-0.800956043037405,1.5328355706781,4.23410368791492,-0.428550414944846,1.03656567083656,-1.442019164257,0.298004740803577,-0.771891976512295,-0.555925103640134,0.258151232769732,-0.172450296954175,0.732095123935329,-1.49189897847416,-0.264671449388562,2.16171762187003,0.130153776074491,-0.0055032738533838,-0.17612035471681,-0.231320661193048,-0.12917384232011,0.978699884237786,0.555657091480809,-0.0765622579012734,0.103412145729912,0.0900530140863105,98.5,0
-0.316045297217101,1.32823255893046,1.63928228327851,1.87497887913546,0.396556629045978,-0.594523805818848,0.925320885510005,-0.0513264766644312,-1.40694121506037,0.256132884535428,-0.636580366106526,-0.509491904745439,-0.469006325357397,0.389747451089212,0.265871126314801,0.604436778001069,-0.543435587725463,-0.609489011079203,-0.592137905101956,-0.119360059577183,-0.41869951193616,-1.40487680602946,0.132292253873573,0.279584138623128,-0.315864260733667,-0.528636507147029,0.002307099074606,0.0337499308076907,3.99,0
-1.61550553508915,0.180157926181606,2.01883967393773,-0.872703099744749,-0.417115889813363,-0.278940005976104,-0.612231912267272,0.831151091736379,0.0740423374990611,-0.849065778720013,0.359297560127911,0.371270220174964,-0.675007143617473,0.143263229792279,-0.451332546056042,0.930904700417886,-0.59603276408462,0.724616160024216,-0.112518725110653,0.135826196140859,0.189303068189533,0.318315053265458,-0.314869761970605,0.078470608905876,0.286696612630197,1.05371841744527,0.100723464054893,-0.047152911142369,11.7,0
1.38613859646485,-1.28479603616121,0.389809432619976,-1.51602160282581,-1.22664958641161,0.186038830017963,-1.19061081290732,-0.0249798087555847,-1.70320604981911,1.32349229574525,-0.869390394072122,-0.55589720398603,1.73966744468173,-0.706447382854579,1.04979880185902,-0.236942883338515,0.291682427882877,0.0202364563496905,-0.512483599565857,-0.123559618862707,-0.0358689343030199,0.249483520838691,-0.145871200332046,-0.743384551486351,0.389106449919455,-0.031934257623583,0.0613633433976285,0.0291242288940261,79.0,0
2.0282396594748,0.165530156563662,-1.73626461270908,1.17939319274674,0.650592742864541,-0.608833708169321,0.495731358169641,-0.22237021276295,0.0307761295203325,0.44281152887642,0.301377812921207,0.668702421427364,-0.67846756904971,0.784190894237938,-1.14712775771551,-0.408942110315797,-0.499828274091584,0.012346923850774,0.221350563722297,-0.318857332802004,0.0662214079277317,0.384610167967305,-0.0521006369981048,-0.471848581624697,0.470482740167954,-0.480045092799111,-0.0201705958088269,-0.0784254055687127,1.0,0
-0.798058514724065,1.03812411675835,1.22220350072204,0.268665029297523,-0.566259169735285,-0.572986774865222,0.18140301041911,0.473018654698971,0.0754878766753669,-0.65811095117445,-1.22567051641497,-0.0104175604876641,-0.706219396962279,0.133401584761416,-0.629096372336044,-0.35078679730276,0.297926575949161,-0.266615227208551,0.324879523110587,-0.0702756023885113,0.0175133669948853,0.22472089395369,-0.111806912674139,0.434056658750659,-0.130869611745391,0.366751321644058,0.227641207393269,0.137760428611692,11.99,0
-0.753382800148987,1.05512372652116,1.1833214296136,0.0193248317846822,0.296508767849219,-0.558222510226223,0.603885125847346,-0.022030917997304,-0.28172695767217,-0.331495573651487,0.0652227853411077,0.11910371153621,0.324698270349308,-0.521297600245595,1.1493030918506,0.0638192798761171,0.255483777979472,-0.626678203965711,-0.428591538069925,0.0187198349189774,-0.217667322077245,-0.543140366181949,0.15727873156299,0.0255456382351386,-0.213706632504952,0.0816429793494816,0.0116495760130716,0.0887771285635805,1.79,0
1.85524098492222,-0.187927339545796,-1.82555398450043,0.578332296504924,0.777650848296917,0.785727885870103,-0.347262463789724,0.399921981449943,1.0373980024749,-0.816945480087439,0.0732316550836913,-0.332069091942916,-1.72508550143632,-1.28793504739415,0.830952729934252,-1.06603395649914,2.5078421311066,-1.56839736593741,-1.63896682662398,-0.421681049032639,0.0640533323598067,0.593715782964603,0.178420718797344,-1.48132556313241,-0.264880699477902,0.77443669656376,0.0217025940051064,-0.0493191709138944,1.0,0
1.35149784331561,-0.52123342595325,0.641275341691128,-0.490317954425496,-1.02607738977517,-0.568545620947754,-0.831687106451018,-0.034864408929259,0.780940674588734,0.245744376035788,0.677870590297442,-3.93235893124079,-0.0207503771183267,1.67438604880505,0.530704208568048,1.00107878569624,1.33270081222433,-1.53047057679536,0.0569423365069638,-0.108929367250164,-0.234950681130875,-0.622050361105055,0.192500467348012,-0.0504498759053585,0.0696841290303,-0.485169032366578,-0.0134118868606961,0.0102585132130285,16.0,0
0.0888731900659679,0.982902541244989,-0.33216614225693,-0.637170052341167,0.939958357756328,-0.501747540497269,0.853776787263249,0.0565753060419944,-0.310902442850185,-0.671765586181337,1.16043170703181,0.610454840747531,-0.142493457185041,-0.800106787267348,-0.8970903066567,0.435598317916703,0.218255873484652,0.155090539793102,-0.0563237296192332,0.0140578938295759,-0.277433928321445,-0.679373325830449,0.101874078518258,0.600309313033928,-0.484251644916521,0.0925010297074759,0.22212265866658,0.0746665203516366,1.78,0
-1.75610732316011,2.3539384098435,-0.251076234037265,0.803542167194702,-0.166776130412631,-0.422037302866689,0.543680013895247,0.240498254313482,-0.452557272369973,0.656397578272762,1.66452662719519,0.505627396397859,0.367768495507162,-0.645188250544968,1.6568184648362,-0.761708968650542,1.46918719277223,1.34242367754224,2.46720552778138,0.644752696636344,0.206575999678037,0.863102241414905,-0.542073277168464,-0.0166388514035216,0.828518379183279,0.445844880452887,0.164999264722309,0.274483842597344,44.6,0
-0.828134871933557,0.0056212056020156,1.11938376089202,-1.79589799498318,-0.703406526944928,-0.637065430491519,-0.433501184953148,0.555379002409474,-1.40921289539676,-0.0523196663920033,0.548766165353042,-0.67322550873722,-0.927249307958979,0.359068247524466,-0.427990817333329,1.8937554369748,-0.237482059508088,-0.434466296374011,0.302339652730277,-0.0080694223277071,0.320788377656844,0.437137817611571,-0.0089732645426927,-0.0276947063211593,-0.389132673793421,-0.5010252709842,-0.0055495901458419,0.0358191480725951,32.5,0
-0.568089230502458,0.223633557199262,2.78480852459974,1.39855396421174,-0.97641736863808,1.18146153589354,-0.350213179943315,0.544986712068083,0.184840083632557,-0.298910430993942,1.0632239769358,0.987809618420702,0.106468316787256,-0.464711413421649,-0.0325047336639787,-0.387102228165613,0.141812932942295,0.633134656710868,0.515119150520383,0.200905204817649,0.434369067676199,1.41953719861945,0.0254510134151284,0.259867156334466,-0.494200539211282,-0.114422390515077,0.237890880514878,0.169841543326328,82.74,0
-1.6580885744545,1.32937064689791,0.798456478717412,-0.0039056820798676,-0.350795723802588,0.491844091937605,-0.362643364552182,1.31087051169935,-0.388182727212462,-0.519374868572187,0.956448922979389,1.04721311674639,-0.677595178813753,0.741400661636543,-0.61551677802502,-0.563959015299884,0.731707714353479,-0.816978295906089,-0.0854182648631975,-0.0744435903602645,-0.0270907779497304,-0.0286623652118897,-0.0066687992102844,-0.27928966348754,-0.119193936192214,0.290949414238797,0.205138520512565,0.0728559035743657,7.65,0
1.1800781021729,-0.0818015181882669,0.87696245845414,0.608549186544226,-0.77482980644938,-0.296805935325443,-0.507304484550867,0.147608517892435,0.579487925474763,-0.0882497771242941,-0.322321136833023,-0.404156821995302,-1.18487079681224,0.351031665938684,1.70937434925205,0.344329038056148,-0.187296475474259,-0.41602075782254,-0.674289476899754,-0.205067781852653,-0.0741430774140623,-0.239136288001549,0.137971296542221,0.0440954662404899,0.04198577990484,0.247960449395204,0.0013764357387838,0.0201690520689627,5.99,0
1.84500028551187,0.16028357173075,-1.68196646272367,1.50230350234699,0.285911158535887,-1.19111386084651,0.446276914854642,-0.368793038922656,0.169440595274275,-0.226908848516072,-0.338170498850632,0.139479568214838,0.31829402709747,-0.803198741789102,0.706108812599425,0.332054805220569,0.352419841675016,0.463842138637108,-0.923416525228026,-0.0432205800440642,0.265821248848007,0.748616311795753,-0.0991513460321988,-0.0961851939971696,0.270727372733471,-0.426308372409688,0.0101465563217208,-0.0083265612432124,89.4,0
1.70787881954108,-0.657463097207009,-0.251013900019392,1.13111443086997,-0.390535707210701,0.815800525526221,-0.77746762002717,0.322586190874779,0.924193672777801,0.249942409829233,0.334622288090569,0.906874329726343,0.210736298178434,-0.0466924492826262,0.0762203270554526,0.878278033692593,-1.15484633586473,0.87373128067204,-0.304720479894989,0.0257749304290392,0.143051238239662,0.272802842571916,0.154591415593044,0.18151192170621,-0.343173485852397,-0.784342232452637,0.0521862419557045,-0.0091938656357873,114.94,0
2.0166540792747,-0.156790512171188,-1.46985919911799,0.153314921964577,0.208692166929445,-0.574592405230151,0.0285772469075646,-0.0868173342810778,0.464612412934273,0.192989638688697,0.897294347198128,0.466484186582439,-0.958346168710354,0.867890409801199,0.235338182337947,-0.0131484467420229,-0.657566779184907,0.487614313871456,-0.0076772250215577,-0.258146785831131,0.291767424102344,0.878015133522855,0.0385925819322126,0.714934244163479,0.203659258761532,-0.156335533440672,-0.032722270951075,-0.062910575626619,8.49,0
-5.25816099043897,2.0761651220766,-2.92384267020417,-0.389390901451839,0.80811685888645,-0.478094837350956,-3.76373807471126,-6.73989959726795,-2.67397287634994,-2.4848773170374,-0.133663698416267,2.38892725824767,0.57950356142137,3.05509851452819,-1.52906697206832,0.527177494045443,0.525743193251212,0.0030455942034468,0.0820010759143344,0.651203898728361,-3.50302885797599,1.90621561327498,-1.35162238917116,-0.171585067843934,1.04677649264397,1.065702919024,-0.46148017719924,-0.884698748229485,2.0,0
1.20504529400526,0.152501478687888,0.0811535115808723,1.13154420794865,0.141262025809987,0.175622705957708,0.0433739172739172,0.0422955193545474,0.08304520164206,0.0825595111330497,0.177914315066082,0.882692735759069,0.0232052894666047,0.171486628315741,-0.988859376904369,0.0165981640256843,-0.583709821832386,0.242763232861954,0.602607058787505,-0.0930145243924123,-0.127328150070859,-0.218132164086704,-0.221313645348469,-0.512088219211037,0.819720535795891,-0.307655432855259,0.0168169273023957,0.0025271060358509,19.26,0
-0.186287124368814,-0.121491175462149,0.171419411092064,-3.31455436688915,-0.302949299218988,-1.53810413857457,0.554878427024352,-0.27808643905686,0.159568620357981,-0.688937456859541,-1.2986780170234,-0.318902030530183,-0.552794354584291,0.133190214363705,0.0663429467749629,-2.37849450500082,-0.0001078115863563,1.55152863433427,-0.495239844721421,-0.45494350932491,0.007321906175555,0.796058106499106,-0.283233662573857,0.074027198692031,-0.0527446380045513,-0.0226091598932844,0.42553964380164,0.238849112170226,15.17,0
1.75691373770858,-0.174274890641914,-2.5523545372939,0.69808241500645,0.57366432184273,-1.5024236760194,1.00375536272542,-0.574616397200365,-0.0300027292431418,-0.41772467074129,-0.0703424247465254,0.423822715358188,0.364100652546191,-0.671877027016201,-0.244149620232938,-0.354540209572777,0.909862364453278,-0.380291646892831,-0.236146082540297,0.201162879611286,0.164857377619387,0.288279561118957,-0.129946455507408,1.15304010692094,0.303986133470934,0.634471591706796,-0.132478189127417,-0.0164632086060882,177.0,0
0.123138847639785,0.143102322001929,-0.593683527717459,-1.44189022736733,1.55626169050964,4.02762807926303,-1.31996944599816,1.66741139418861,0.515550521261577,-0.635205738142642,-0.37812300729213,0.13625228018855,0.161661214595992,0.113097577836064,1.31551511469361,1.13937125315989,-1.04511161066634,0.536848815430639,-1.18515781436455,-0.23029520852495,0.394195796308012,0.950321529088096,0.270106433430567,0.712414107202105,-1.20000416932219,0.159886420094233,-0.0113525304727562,-0.0305450709002415,6.54,0
-0.183060593260016,-5.42288087516085,-4.40745467058584,-0.669950688654171,-1.23576388642158,-0.599375647779794,1.74503057855321,-0.870779041157511,-2.01210256165921,1.14839075668762,-1.85698423332495,-1.97171240940679,-0.866514954297231,0.825728653889317,-0.265039399681935,-0.955217371967221,0.638468119700582,0.315009134735352,-0.146826216980287,2.27714341369298,0.87617990486139,-0.137769212356678,-1.39688194676808,0.122008933256184,0.220137678158725,0.170359410738971,-0.344256021783843,0.147265116004642,1385.49,0
-0.54239220837394,0.383103237511782,-0.122074868558716,-1.53739184264521,2.73191814879716,3.26652234955853,0.352538970396889,0.567422845841649,-0.15074063900706,-0.141947068956038,-0.227771907116857,-0.337808779019684,-0.129872432315199,-0.0436623338343037,0.620272544608369,0.653827412972938,-1.26930946795421,0.163703969807157,-0.360712334082725,-0.0446817063506397,-0.0792997323482177,-0.27395001662647,-0.109391910552923,1.01323459573656,0.0177307587271667,0.0973999125718703,-0.404089065321554,-0.193967842690928,23.9,0
-1.83172502377466,-0.321728545071795,1.99845538687495,1.82856039998775,1.06549403005235,-0.0615472989084949,0.228468090798977,0.357556082192112,-0.808199648935538,0.185076907962026,0.8441208005466,0.373503263359692,-1.02789863171383,0.0793135087497068,-1.62265587625226,0.348589808458163,-0.403731015416864,-0.480647210663028,-1.18780002565061,-0.444502905913364,-0.155594478534536,-0.183169258868811,1.01059727543036,0.14060203585505,-0.179536691852037,-0.349995770779622,0.124833152598907,0.0378630095366804,11.22,0
-1.03955798551418,-0.888616680415564,1.17989968652014,-1.14364298479158,0.952071479188426,-0.891315048238493,-0.470287833406587,0.367174792277834,0.761982027864996,-0.729113992777065,-0.308089405827157,-0.316728538089445,-2.00306983283402,0.199743196481143,-1.29645966797214,1.09397462274787,-1.2889636461394,0.891986726451899,-1.17653892550136,-0.114150410924406,0.391984565278933,0.790259067264114,0.103834905415972,-0.350500336061034,-0.840674054305178,0.243953098591113,0.113810480481627,0.220478175792016,16.09,0
1.33607366736363,0.676338010406991,-0.934834606169239,1.02415985583486,0.752377323211005,-0.446879215587692,0.271197931931086,-0.146595825511163,0.0296068698138831,-0.674751584361508,-1.15533685099374,-0.664043251600216,0.023141880796274,-1.38785657247308,1.20960320166035,1.01222457287565,0.394794781302888,1.06918004055793,-0.0967520965256434,-0.0630698875829719,-0.161641746333623,-0.393130202182414,-0.294685468152586,-1.15468670289039,0.872457716414872,-0.240032251653873,0.0323506079567912,0.0429551252419981,1.0,0
1.1339471771694,0.0526809015570847,0.843305967572946,1.39516049816287,-0.517297694413938,0.002304800709147,-0.290538389495622,0.166565079753524,0.649397789540847,-0.146150336230667,-0.658908069888455,0.0747160642445846,-1.05758586142354,0.107101225881193,0.241728153920872,-0.369742023325293,0.208168218751761,-0.896033699707743,-0.353315093927185,-0.24523022055173,-0.32529983771991,-0.795911887629974,0.153817400464139,0.0198944899787522,0.257864454003778,-0.591483243524134,0.0560106846532302,0.0274585605648667,8.0,0
2.12261868825653,-0.178569702315836,-1.86196983452325,-0.0026501203246314,0.534019284010261,-0.41973606501207,0.146299521520798,-0.218225798574181,0.321974423299882,0.304489056446178,-0.106647382519127,0.591686778534391,0.106361677017337,0.445433711374229,-0.684287967988755,0.122048430450837,-0.843565487983618,0.483951621090676,0.583229413435196,-0.17896052587842,0.316245136683707,1.13527206933288,-0.244275919844488,-0.916398747708484,0.450764486078216,1.05293699460088,-0.0990829043693911,-0.100135915655082,2.36,0
-0.374445291097632,-0.132537665862746,0.373741510638767,-1.80343659467868,-1.29951909418126,-0.719640081930503,-0.72403696731123,0.207902193315565,-2.03460005820588,1.14974139207006,-1.41172767765337,-1.57969579486657,-0.529379983259939,0.0066910349790911,0.115473337870427,-1.0001740898983,1.10905609497933,0.315272310780616,0.75968362155785,-0.488324323480156,0.0945399091688568,0.576129776907947,-0.0987653608198842,-0.0217751031780254,-0.66200812096525,0.0143842830142683,-0.144674801132637,0.0885265845778726,16.0,0
2.18070743341642,-1.03125817232542,-0.784306960111505,-1.08302247532629,-0.671456571904399,0.0671642978101299,-1.12216296096648,-0.0006377754589179,0.0983969040891071,0.73622059261307,-1.26697086006887,-0.563105760988974,0.875975505603218,-0.608796035045237,0.672200667309539,1.5327231524377,-0.269344008790847,-0.828763571059554,0.474880325649431,0.0847443815312536,0.366103950846299,1.06656554914461,0.0714811662726594,0.0742805724994587,-0.0957982489585422,-0.0565986446257002,0.0132876797859155,-0.0414169846338092,27.88,0
-0.0045736713478661,0.770845755940767,0.342404821650603,-0.672871452432074,0.366877907438782,-0.876384917894762,0.854861263339273,-0.0263945445705392,-0.205222714071727,-0.219731845811111,0.738118690068457,0.492345494331548,-0.778376637425852,0.451198623200534,-1.03518677192655,0.107677514616024,-0.585938938817852,-0.199934657802443,0.17568084556779,-0.078559816036231,-0.211604871950354,-0.498069092993331,0.0725513480639386,0.0519851641539491,-0.555807338693283,0.117420951662831,0.239620566894754,0.0866193192514507,0.99,0
1.11336714930269,0.17291081390929,0.52848881327552,1.0079487727063,-0.288473745361139,-0.222518650108247,-0.091176509861169,0.113739306825573,-0.142238027277108,0.132510611200985,1.64331592043544,0.777967150353284,-0.634381197779481,0.67687796149747,0.618317107078765,0.0448099624967099,-0.343276200920768,-0.118450079667881,-0.517375577129262,-0.181072209250379,0.0384146141652594,0.0869185602962631,0.0207314605979833,0.203909668095687,0.390420517462866,-0.438601220300638,0.0299816182357585,0.0147087012071392,13.99,0
1.00496936077688,0.246989070354325,1.16940569253188,2.68650359678749,-0.308929349770414,0.616678527956268,-0.303750629551328,0.320760811430643,-0.164907469640267,0.425441195728857,-0.207059248385522,0.220335812579532,-0.68081219915784,0.0202089821562392,-0.0176423551121277,-0.282130867062627,0.43555314216404,-1.64210436858725,-1.42943263656472,-0.247233174327229,-0.28087382588203,-0.70377165239124,0.248945411102165,0.0341705888568089,0.0361002154482191,-0.235531099714237,0.0442775947102915,0.0290561473916668,18.92,0
-3.16861229583292,0.421278777934665,-1.29850858450791,-0.894230205454478,-0.555874130312821,1.56519416757184,0.897163480485322,1.15211027720869,-2.38416218735523,-0.400396687638706,0.0831495281899651,0.476432900463856,-0.005195061560183,1.36667751229969,-0.448381651504218,-1.58364215505237,0.387760815841857,0.558696253164021,-2.23920639043922,-1.43505501255377,-0.143579535463279,-0.11184902414282,-0.900537591215083,-1.6149067661468,0.870226149938241,-0.413255334066778,-0.533606491199757,-0.391392417763466,290.85,0
-0.266084645255749,0.497805242250949,1.12889111622867,-0.514587667504152,0.663155487530742,0.434661725950888,0.216766938222928,0.0924169800566342,0.344326731002971,-0.869075595787066,-1.61922103735514,0.553250842127812,1.6827876570422,-0.605341612244177,0.273197519749006,0.0044712974561289,-0.771924499534877,0.582413301395804,0.428873443693941,0.105609137522878,0.313551688671649,1.11992648665269,-0.328984860694659,0.113639012492622,-0.107801214426769,-0.118193462421026,0.210215778039096,0.184687298430866,7.1,0
0.638993746929646,0.656726073890316,-1.28725520435436,0.860286069618172,1.05110608659772,0.0900570196773367,0.913392243629358,-1.00957886730735,-0.882549953858373,0.297998116144957,0.420949068559832,0.191575718351411,-0.732437459002606,1.26740298513728,-0.0707554055700744,-0.405603973248925,-0.478312519267479,0.429694903858592,0.699169434387696,-0.0810892638927768,1.00414134368829,0.286762929242358,-0.104111150663543,0.209331623461587,0.5933509776197,-0.375346693211453,0.231009485676495,0.30859800371268,90.3,0
1.5649666596237,-1.19811847256184,-0.632984875420757,0.384856857565062,0.111185165624754,2.32230184884925,-0.980566406619203,0.74133995996447,1.38724945907575,-0.150758193860456,0.389521092093813,1.11255129732001,-0.371836183601009,-0.20776490236788,-0.46482450992621,-0.44699382118865,0.178948389061096,-1.0433257962946,-0.385597854172544,0.0069782023033376,-0.0853158357272968,-0.235270049175855,0.264076794918016,-0.945244070179393,-0.679626750346715,0.123249273408784,0.0203319776814369,-0.0354138528185375,150.0,0
0.993905348089131,-0.678350085448098,0.927593495611279,0.131798464455655,-1.00372214174661,0.184387135740792,-0.566749143850291,0.14610280677614,0.823928242042563,-0.356170354144594,0.761830695740927,1.62516871430562,0.839358634848601,-0.529188702456252,-1.06225393003929,0.144355917754379,-0.272210920468835,-0.123052105114577,0.840121031226235,0.209187798806168,-0.131506411945807,-0.34327201822462,-0.073485555270148,0.119263859809507,0.141910249848846,0.931153750865438,-0.0516675644431538,0.0206712796061037,111.21,0
1.27831570074715,0.736813680056832,-0.545942425197751,0.861795184729162,0.212042011305954,-1.429469388231,0.4858055713183,-0.380828365996813,-0.334578778735154,-0.745156805263607,0.378658000223988,0.444756988509429,1.02034284864878,-1.51790082971359,0.846970449597438,0.500141581591164,0.971805675817908,0.131544293773732,-0.371889164416637,0.0008815418824988,-0.141506226773102,-0.295947032995129,-0.0972796295968267,0.298443748793164,0.608882553204195,0.365501646026831,-0.0234477214351896,0.0452054945756755,0.76,0
-0.992753303034151,1.0506951942598,-0.12636859918385,-0.250907892144647,2.68806515839489,3.64991257474973,0.392999455069348,0.38592610227252,-0.363666516382751,0.72424208263075,-0.090011896543103,-0.459714768938359,-0.0328021312420101,0.0693397891968546,1.54412372552708,-0.262153926347675,-0.686759569458175,0.508585105056155,1.18774481733553,0.0882138040609382,0.0898277445715186,0.103358354912472,-0.358744182075659,1.01594435764903,0.208312002368888,-0.296306956946761,-0.855726687208915,-0.050418616787845,22.01,0
1.00715952574016,-0.461668259357214,0.60320753269869,1.34246126557634,-0.0660307376205914,1.71582625290999,-0.58699253185801,0.507233188422228,1.09602334279492,-0.27229662850365,-0.644130834300149,1.16047612341219,-0.224948044797202,-0.588179286366468,-2.28397991961978,-0.539941138512136,0.0388231940037427,-0.387266445286247,0.956315363405187,-0.0303245452666512,-0.415277431705061,-0.900549148471177,-0.152197759488521,-1.34720904950929,0.54888229244649,-0.448736581056603,0.0727585534442309,0.0156795234667834,75.42,0
-0.318524991619484,-0.502506179582833,1.9753673702989,0.795975469724432,-0.963305542496484,1.77570724518209,-0.31431123344949,0.672108673984953,1.39900591319269,-0.822605857279197,-0.292156892922131,1.25029217639255,-0.0115568994708204,-1.22774414773523,-2.67168188781225,-0.0050141198125003,-0.397255951042373,0.774624131021621,-0.196859231887172,0.15834151128597,0.337307669517329,1.13741834599811,0.293884185545931,0.708470935211979,-0.300926138508965,-0.602798619497041,0.114766618406494,0.0439322889776928,165.0,0
-0.699256624524577,1.21695463298007,1.47939579478751,0.34049610175498,1.01303663661698,0.356422873038407,1.46305461176255,-0.876775132080137,0.171578628490181,1.67967756141856,1.64383060151729,0.534190921611956,0.527474039984075,-0.664401149304343,0.691035643632741,-0.76328536649679,-0.771686229922953,0.0159228075278076,0.449463538260327,0.488489027624129,-0.0023583238907481,0.791798815703732,-0.321089347103362,-0.279897239708125,-0.332138142487267,-0.446846923593443,-0.65145648442932,-0.621046455603298,15.18,0
1.26234051981548,-1.09633528541654,0.423883000171327,-2.01426661642643,-1.65314716426005,-1.19777958258536,-0.674675876612022,-0.220119495919438,0.452068109867165,-0.27237005185065,-0.380262927730525,0.222264843411808,0.293275548048504,0.0245477361381276,1.83689711812311,-1.73806806824738,-0.0086599258844183,1.56035069490088,-0.24800723206577,-0.323635713567788,-0.209094733316409,-0.178083665826061,-0.0696475736799834,0.40796870988781,0.337494451933797,0.0493736835011558,0.0319018745246251,0.0384344400361786,84.0,0
-0.75199904697311,1.23326261876767,1.53650823800743,0.743299935418393,-0.0041099122944866,-0.459801902459783,0.691638806626842,-0.0788765798083421,-0.780027018047789,0.289274679364671,1.58780651339285,1.14975667449935,0.87919484444115,0.198588348755917,0.35417112400887,-0.13383146383564,-0.47237429654087,0.383371740056369,0.630566420441627,0.161516671100851,0.113964389892261,0.406096393162508,-0.124284305071434,0.547104262542972,-0.229291917301539,-0.45670581431416,0.144503848131106,0.220646169471937,25.0,0
0.005506986810694,-0.376248755047936,1.0351753393749,-2.08250957909768,-0.787150939654977,-0.287942034338551,0.0060628376979235,-0.212905796458816,-2.53576625888023,0.935589860613555,-1.22287961242636,-0.890927707659819,1.77134712205037,-0.715638653888497,0.279243399821439,-0.332091257302781,0.146594833162359,0.429913980026548,0.113344305496886,-0.040308647802841,0.0054043856393199,0.361346208981621,-0.16453317409036,-0.421955371284305,0.281068740822472,-0.0329817608497489,0.0388641380517545,0.0205300046889432,73.75,0
-0.580824165901135,-0.531604384798597,2.70732279892034,0.170706155766563,-0.502424882016302,1.59827976254097,-0.591994521218395,0.53760828803268,-0.126972996340681,0.24258629719215,0.283364056604211,0.524983246372396,-1.11491965829776,-0.890413113283253,-2.22287965409901,-2.82661242554893,0.972069307891657,0.610044200689856,-0.566392275256844,-0.474908429510613,-0.469092698000228,-0.356721402627707,0.0494530503991756,-0.347550289366713,-0.493927273762438,-0.482908635662866,0.0820387562911898,-0.0802945447785439,27.21,0
-0.328434299800824,1.01178875356267,-0.0828367285970268,-0.521851619373303,0.0555335221474867,-1.23370443439791,0.565918880022513,0.269734880767198,-0.0852592537696406,-0.60632181838605,-1.2063695346348,-0.129802182676016,-0.74622847043177,0.5943886509983,-0.351210203782372,0.0640741702279552,-0.188928298174407,-0.612213909476621,-0.0867123203351045,-0.190099444783429,-0.223570146555802,-0.652330977376223,0.131543284096975,0.0167549692732057,-0.495194421238911,0.142477312119516,0.118016100849981,0.0250412862710752,1.98,0
-0.283402258191662,0.858337006597751,-0.301697111648728,-1.11540986822553,2.54455966939748,3.26874363051667,0.116515749474611,0.934846046725783,-0.503811089956219,-0.445492175489556,-0.0103634140473834,-0.332378407447649,-0.0792648842442818,-0.258410643261802,1.09778029157224,0.71549220243086,-0.482494929959471,0.324058476350639,0.282641419296834,0.224807731375118,-0.319583183552766,-1.006045035091,-0.052327238908749,0.935662649528017,-0.0069642050826805,0.0880817457040798,0.247542353849335,0.0910075995915224,1.79,0
1.91438421536489,-0.0842726194265786,-1.90543108070953,0.0736568188922689,1.18761415013983,1.12728623816492,-0.204764373562094,0.40227801014717,0.304899437349589,-0.339420950197183,1.51207588342205,0.794799261720062,-0.443458215070461,-0.492238564106895,0.387791774733826,-0.329064884832584,1.0402684160624,-1.11989766501081,-0.703947061511163,-0.266050226515604,-0.248119631131255,-0.549424303715376,0.39192370381728,-0.834724306283438,-0.498200668621084,0.270297608103921,-0.0160312378682114,-0.0557115782095888,0.99,0
-0.789959512517379,1.26485656423914,-1.3610781007833,-0.567646254066587,1.22199882967539,-1.06039183369862,1.39094613795289,0.0463094216318113,-0.73564916050429,-1.2343300045768,-1.29423357042211,-0.854582360375859,-1.07777739953156,-0.261260696017112,-0.493855797517314,-0.021234508242219,0.818443418481139,0.197675658310202,0.0103720608181747,-0.279964456038346,0.137771169125398,0.320684394685778,-0.187328226056224,0.429586894537873,0.254409369725042,0.644688804167945,-0.173812164522339,0.0675511150737968,48.0,0
-1.89512691400421,1.94454288700262,-0.448775349315094,1.0672556635345,-0.0635682184438608,-0.873355400663332,0.363567763485833,0.95326388949114,-1.30805439782146,-0.857415564895687,-1.56630837957113,-0.143994369715661,-0.885093581098742,1.54473201629639,-0.125655060963526,-0.825253894065081,0.831457812738899,-0.169155222341857,0.913404776081153,-0.400888622380578,0.211261518304389,0.199112540889748,-0.497456101499374,-0.0068009645273706,1.11541678165224,-0.20525680297972,-0.592099109034453,-0.186933789170853,13.1,0
-2.10698606478629,-1.7372323499594,1.12976475708018,-2.49354095416841,0.217604388752396,0.176651270096675,-1.3286041095722,0.789292378554344,-2.64487794025894,0.683977931770327,0.0497688802437756,0.0421915197961025,2.03629348479638,-0.388409497783447,-0.19680576191412,0.371425865782502,-0.194096874153696,0.832090247003946,-0.576453454674718,0.437082889277402,0.167875548138823,0.193890564493506,-0.229100719268176,-1.32535523212405,0.580249420540963,-0.0928111152262205,0.204877706898272,-0.185539287555677,91.0,0
-0.314770359330442,1.24804103324746,-1.4868138580208,-1.33501323287583,1.23250465233265,-0.943744940774594,1.19090460923515,0.174509528111331,-0.634314347783757,-0.502874743352536,-0.409566826409485,-0.0455031091212771,-0.957389887014384,1.3389449139032,-0.755287262686768,-0.0136427064522174,-0.804467366848002,0.581666991971174,0.539706657856432,-0.207101210337728,0.261110417425564,0.774197558661431,-0.330378833205632,-1.00594171681876,-0.208367657859879,0.13724206770425,0.260674274258848,0.184456258603613,1.0,0
1.54854324682282,-1.26299105895484,-0.879015324140358,-2.51247636989105,0.813458715619941,3.34705054976466,-1.64681655915394,0.818048932031049,-1.88346685860543,1.47010258052801,-0.18838448453852,-0.977207858061378,0.558696175471546,-0.253201919260732,0.934806417929427,0.135036941926006,-0.0785598279108923,0.352955343904535,0.131078143384333,-0.185160788430752,-0.418389846244051,-1.01199646873629,0.138732132355233,0.947513858411112,0.291644824088185,-0.395483256828898,0.0449625408617555,0.0240423460095125,18.0,0
2.19768294030212,-1.76998910299729,-1.31480943471186,-1.81187604504378,-0.98862810863903,0.12871816520002,-1.27389226264367,0.0311039694672809,-1.09307297196892,1.73320208332228,-0.736290983430545,-1.13817974146123,-0.549930415800118,-0.137114650294607,-0.592523729825607,0.154892878014511,-0.207316011216268,1.04523453875302,0.601991770403573,-0.313652026959471,-0.166274699546696,-0.192785159394283,0.0236013336482175,-1.4337095047514,-0.166006727811811,-0.116410056761241,-0.0054456148312303,-0.0604003486695813,87.4,0
1.97702464821023,-0.936371645667142,-1.42685344898426,-0.590591415505894,-0.474501382927197,-0.506365171574009,-0.360688854290742,0.0269050097575482,1.76836893928046,-0.260165355778537,-0.239235730361291,-0.123763198247827,-2.71557811492776,0.512690624370679,-1.23184132160603,-0.657317715540312,0.0875930891704824,0.362393502815731,1.05989596081254,-0.283996507233603,0.26086092370423,0.984244169858729,-0.169486204341007,-0.381741874070995,0.246699754025631,1.07952893668413,-0.0925301366105944,-0.0922443842814133,45.0,0
-1.85239746103204,-0.303471258687238,1.8786346006407,-1.06510472594748,0.395703364826107,0.553985264458974,0.143268010888703,0.154033307781811,0.760602884585833,-0.912350942160948,-1.46276996820371,0.603487430968354,1.17007127324171,-1.1234269966559,-0.641578774241968,0.0284698039927265,-0.337905501604135,-0.850371607800445,-0.111696454462446,-0.0622562574341049,-0.27310035648141,-0.396016343956588,-0.562881071687996,-0.836081457676249,0.176925512793314,0.8445378596814,-0.631190942656175,-0.524331936846837,67.98,0
1.41290998495836,-1.21226809203602,0.761540830990575,-1.3451650840409,-1.70041058875852,-0.332504011386162,-1.32006834019555,0.0074585333519106,-1.56180131320583,1.38058751680011,-0.338920514489093,-0.962637300367667,0.305257267305138,-0.411845267694942,1.12413013165083,-0.426758488488813,0.667777552219772,-0.104710817034349,-0.805241916207678,-0.323396739585589,-0.0227266347566159,0.321610684035369,0.0132649734603582,0.0726076855467377,0.250727083456102,-0.0754830860536932,0.0624666603657538,0.0272062680130377,34.2,0
-0.0268408443272872,1.44444973654614,-0.965488081444274,0.695725717112653,1.57724105591334,-0.489987267886401,1.57971642705272,-0.298148548728821,-0.65856629458567,-0.86825823674551,-0.909006318521737,-0.318501182660029,0.01105063349938,-1.19625845665334,-0.461674917315311,-0.328294405621788,0.945370225483494,0.288494359757265,0.0015659018724339,-0.0962457773511803,0.027168831629016,0.207048205913001,-0.32034325777499,0.300912911638059,0.351564568148597,-0.48725786495196,-0.040187565875719,0.0707618034310448,34.35,0
1.18709001147505,0.0089797956063359,1.09449131156146,1.22103423960961,-0.676504310843972,0.0954726445769815,-0.517634028754926,0.0781687934198244,0.811484381029963,-0.223390860401407,-1.10625504927165,0.720445311169765,0.875853067554617,-0.539473636020609,0.131132634553438,0.187283279635201,-0.471786352173001,0.0066922241678504,-0.0292665468586621,-0.0687621309146041,-0.0859879942767183,-0.0024471930149628,-0.0760435201621499,-0.0962043255616036,0.506423284405987,-0.380323132489191,0.0767335111825634,0.0348895691565997,9.99,0
-0.884233261666726,0.47498456947341,1.24516461253882,1.42240417039523,1.98236919413697,-1.2256930799091,0.72190178547632,-1.16739827993819,0.938297310793328,-0.0364949108941954,1.30162913251326,-2.48726645674747,3.13041149038311,-0.191048553350895,1.58658731046079,-1.26870387665162,1.78872753857046,0.947349766567098,2.29006592592189,0.166714653205164,-0.163325432680097,0.764590520824304,-1.04842007436765,0.0498056641493294,0.538328874404359,0.330523911952621,-0.430128360924873,-0.671149157747924,10.0,0
-1.30977431332626,0.813872183028791,-0.0944167758469421,-0.194933879605411,1.43663301817184,-0.407322846304604,1.47298931887758,-0.205665338709388,-0.443108611866076,-0.0818711721326996,0.294509963356315,-0.0774753158266024,-1.70032208613134,0.668373497472189,-1.70225280516586,-0.293836031835966,-0.654073281587554,0.0769405840089386,-0.507213373297702,-0.58789039632332,0.143766955991215,0.457029725867169,-0.139106149685109,0.672265834408093,0.466076649553163,-0.687505145195616,-0.425548446749906,0.231960010694942,29.93,0
-0.330113778292541,0.930347443250209,-0.223973390798971,-0.716005212402179,0.154765685678359,-0.69513001404891,0.471424555408656,0.468095786484543,-0.232017340055131,-0.428888358789706,0.08944080459646,0.102990505579444,-1.41529657862958,0.897015105775083,-0.958778024262599,0.388395285989696,-0.524223616678796,0.071660995890359,0.329159309141958,-0.201910688364945,-0.199353919935879,-0.648991296509082,0.110136535852453,-0.384767652499975,-0.498484937940608,0.147727103032125,0.105205504943308,0.0185221902706567,11.99,0
2.05983618313799,-0.0643234293899205,-1.06521859901437,0.420834760422676,-0.163446440998845,-1.22257381557319,0.175250240974741,-0.326750174265374,0.565005873810539,0.077562285306245,-0.760378486216692,0.356629775977055,-0.097112436338962,0.30794964798023,0.0569975555326785,-0.100187407482734,-0.275672696700764,-0.852761841448286,0.143558563788523,-0.233111973215015,-0.289975763690328,-0.711004861380902,0.34244636041143,0.0419820611674917,-0.30530783852032,0.195822587586321,-0.0719348637324016,-0.0600338210343101,2.69,0
-2.59587361682323,1.0115637865756,-2.50157550264121,0.0297741405715413,4.29515109500646,2.24807768331709,0.705499796760098,0.229494676182368,-0.407563363189699,-0.815799020875938,0.988528096493139,-1.07634506626853,-0.298094908696402,-3.73369729231406,1.28084188424156,1.28230632998705,2.10122125867986,1.8510187789864,-0.0344079359135584,-1.08517161158601,-0.414135833733532,-0.441844643027651,0.276984981827008,0.70327086129152,0.616190988544144,-0.366976574884625,-0.675730664936985,0.146301642223245,1.0,0
1.07976067727505,0.281164127870963,0.177553265213562,1.52627261317431,-0.292222030417694,-0.724535333684446,0.134935113162112,-0.1281160487107,0.371214699332428,-0.695700990531989,-0.289850230343925,0.484293040091433,0.243897577843106,-1.32728735594852,-0.0825470211508689,0.0882089848560039,0.847810238417266,-0.0501970053960126,-0.151160379113962,0.0185632626140757,-0.283806808441352,-0.732363330968809,-0.0442567178321775,0.288587734123329,0.514346304269788,-0.53303925101728,0.0450837220240792,0.0642854406557756,62.63,0
0.210092269140002,0.647857454105219,-0.191964063799204,-0.362609426308457,0.83981789193009,-1.51891811984608,1.07002843405351,-0.432372136706439,0.305746203471533,-0.856212006731162,-0.703580197786335,-1.14452563058827,-1.63434774340936,-0.756566145698574,0.681330237363252,0.20958740255897,0.279364427591648,0.790583627474606,-0.603909123828139,-0.151280782043356,0.206040475161194,0.751347647284939,-0.272716318500091,-0.0659440387946613,-0.020144941519473,-0.190207850481631,-0.137654966078389,-0.19786771495914,5.95,0
-0.747892520455609,1.66101957186055,1.7478007246954,2.94141842054689,-0.666715845249637,-0.540841400918404,0.171208721878542,0.48864083608288,-1.47134558167499,0.652126078859992,-0.356141827461152,-0.745882069116981,-1.11201692720917,0.856664574485855,1.33945584143853,0.0442083587677166,0.409434269094793,-0.0870485010266927,0.652438579072377,0.083378575791464,-0.126997079164321,-0.493081176834962,0.15297245959436,0.851833337525947,-0.497658873414826,-0.0674833971158403,0.245765213268935,0.141382000734133,11.39,0
-2.42781556031802,0.664064311561101,-2.41467677948514,-2.37043542827302,0.576096558657616,-1.76942568861012,0.113030636721,1.1403500393082,0.106791247332496,-0.922275791631578,-0.0010727573398269,0.542506978190565,-1.76517358730209,1.77354653133868,-1.72265409191354,0.0846911713564288,-0.15512623156086,-0.0640875641143971,-0.634370056957837,-0.29176903134154,0.301089095472906,0.588773454986732,-0.378528093498849,0.781096248061608,-0.31798724132847,0.48772197406272,0.249152032258328,-0.0115877570653562,1.0,0
-1.35494942508892,0.537563403752602,1.31005607991426,-2.46493656721967,0.410123360127582,-1.24859175006231,1.26600375646977,-0.212351594655776,-0.0002465787048508,-1.30829467009402,-0.536453863472542,0.298178476408383,0.380283697844,-0.0097535812385938,0.14572796062835,0.584714805786997,-0.900929225260014,-0.985088422531325,-0.872021299843065,0.0031550861120465,-0.501079563461582,-1.54245616656643,-0.0442051158746198,-0.0601752076489583,0.266682328619642,0.218021756404249,0.0463666770056116,0.117386636298797,79.99,0
-0.889482463427208,0.0652051858644502,3.22571421866968,1.64458313395484,-1.00509596134895,1.13332992531863,-0.876315922680572,0.601942665317543,1.44767871486441,-0.508591373178239,-2.34813795753728,-0.921624155245958,-2.11667333152135,-0.922715274018818,-0.771281992531479,-0.648942522216083,0.5829331435224,0.759231096659957,1.45326007168973,-0.117719234811643,0.0830692438644903,0.696345374863167,-0.266262356088192,-0.103687008714906,0.403691536071672,0.116170949033735,0.0720091529271683,0.0619819116371486,1.0,0
2.03229094845717,-0.13582985050019,-1.62301152161208,0.0581622689584425,0.282098803877594,-0.955466032751028,0.382598124247099,-0.346632217544857,0.621185564045664,-0.140257576670101,-0.765526699224513,0.539819246314368,0.20726587922608,0.375917737465393,0.119656591978016,-0.46235541133723,-0.254865606151568,-0.67811244365286,0.294573219297166,-0.129371934232066,-0.129024708838319,-0.29230615894518,0.187425301969537,0.751792218415251,0.0514450912395019,-0.115802813405914,-0.0599297775609298,-0.0500821536493806,36.0,0
-1.08696056465642,1.41234573981927,0.979532138187205,0.568502837191761,0.493231809487225,-0.560029990410404,0.9403506357445,0.265709968176222,-1.39496481423246,-0.776776306364521,-0.316902046921128,0.464553525444602,0.711505087563326,0.667861784979266,0.633387395138014,-0.513096341925785,0.143190094473663,-0.685594799803717,-0.431069130866245,-0.0586626173942569,0.159813123856322,0.303302038512239,-0.320159302318719,0.0977945492178717,0.738305777323831,-0.220058335681904,-0.080236044884876,-0.0211119245250763,27.64,0
1.28800268861797,0.0445347789531188,0.0476586429161342,0.141188969602135,0.155182817346845,0.165127647761101,-0.0644596651885304,-0.0153883643384137,0.369534659105984,-0.299540558716374,-1.02285935196686,0.58393161136698,0.952503615753234,-0.141661873659661,0.534226507112217,-0.139924626077107,-0.209171092781081,-0.910615380633454,0.247487522931969,-0.0528547036244313,-0.277205623616705,-0.600414307666126,-0.0406143535289793,-0.880202944766914,0.414789039858634,0.535205654698945,-0.0226231174956238,-0.001480286119741,4.0,0
0.176172397183527,-1.79383668916815,0.594524140279396,0.721553964010725,-0.71548576305181,2.06752607426766,-0.59003151481705,0.731715169381575,0.65150881026665,-0.37536199293387,1.87149503348663,0.890458324875197,-0.921335014539243,0.285600998553898,1.19522523069607,-0.637983158285272,0.699441756164397,-1.23789268144321,-1.61341028928392,0.560696968627642,0.501632959031461,0.744072322940239,-0.288405923364722,-0.961659069301834,-0.199014702836215,0.643712054363942,-0.0108512692962552,0.0680174249628267,418.0,0
1.17635603356834,0.305330403651666,0.272788643946981,1.14054810705181,-0.240929155659524,-0.938025355139635,0.314917161352052,-0.283979555222409,-0.131925649090355,-0.0228984410223909,-0.267852597749891,0.577652885154411,0.732362166784521,0.252246385126223,0.844039587842713,0.0191073107909701,-0.466336546424855,-0.234223565238365,-0.387238551736827,-0.02514035162921,0.0573858451730502,0.167805243973706,-0.138862985018003,0.41972477617456,0.699181004772555,-0.334662157118445,0.0118096311743378,0.028106093130839,39.8,0
-0.12406509099137,0.876794047831295,-0.158124569133731,1.14340761696115,1.37689856588266,-0.557801236184306,1.16066996511213,-0.722442414169668,0.478807259900662,0.282981049427322,1.7786103078681,-1.84669267944059,2.11789651553823,1.98262003367083,-0.414049904539172,-1.87825805580805,1.08097414279581,0.688680247877626,3.10910245901027,0.175641174418128,0.101936673402105,0.958249405807779,-0.447044780614271,-0.286051365825694,-0.158100483038612,0.211799166061136,-0.253683159641128,0.0087393098475516,21.4,0
2.06859092349706,0.154245620106755,-1.66174158212638,0.442601285823411,0.35509400460896,-0.943183557470892,0.179179244434029,-0.236385840928478,0.504786239649732,-0.374649419727437,-0.49571316675312,0.118106142065582,-0.0713262205453273,-0.814946424083309,0.210514756017139,0.291818039401645,0.517640363198792,-0.326985873550731,0.0149941348407652,-0.167787552773693,-0.359486543885746,-0.935058118784669,0.354369158722505,0.635404889271019,-0.27566136592084,0.165709834955158,-0.0632409618312351,-0.0297416657463867,1.29,0
-1.63252279690296,-0.290889010652111,2.57323482827608,1.61773504121208,1.63787811108338,1.60330318088278,-0.394518205866055,0.500311477137967,-0.363357728306519,0.124208506549608,0.0996763344000321,0.565167235393429,0.790161304252914,-0.725229184836733,0.604745983962611,-0.456931747315032,0.231607022521134,-1.92065409486868,-3.06488182749315,-0.304898858709632,0.259477365959492,1.18228487484995,-0.204227527435535,-0.899241352360145,-0.521589807668056,0.0218455756490684,0.0473651212104673,-0.12346542752833,49.44,0
-0.854802625284716,1.25504998215865,-1.32269932989242,1.11899977291503,0.638535017384555,-0.0326553016273578,1.78789585306292,0.264550413413529,-1.33518548625164,-0.883597200214466,1.01589119815006,0.677589269158249,0.253378797286421,-0.608175247564218,-0.911376813007884,-0.375742636971596,1.20799378857441,0.868196212276373,0.759630005730975,0.53747170405687,0.254902088464351,0.525270348934662,0.267661897795374,0.580954981371539,0.144379045596335,-0.433954260478035,0.25268741245524,0.228140968202879,225.98,0
2.04661603571176,0.0682938200311788,-1.95794786472909,0.150123653586583,0.833339999702775,-0.0939080581616672,0.0906083589105204,-0.0433513131446467,0.22790139535149,-0.231333722767185,0.662860126100604,0.811053322108195,0.402610308470767,-0.740210123355204,-0.433997396079549,0.627573667918603,0.0290877496021753,0.271339862742086,0.505811042986576,-0.08731010243084,-0.338626439147402,-0.906690211282084,0.241293960653116,-0.199776353066043,-0.211509022859712,0.196720441674447,-0.0642748876267396,-0.0450303730989149,13.09,0
1.81011757744116,-0.766399709055217,0.144381892190689,1.39537537661217,-0.692226775815519,1.29122984673248,-1.26443600965948,0.584124759733519,1.84538314665087,0.100814963045189,-0.480317360399715,0.530158591463361,-1.3684187838038,-0.401710984626309,-1.51193732052212,0.243200657121565,-0.491713509810045,0.704918885017776,0.235211311644442,-0.251037331716011,-0.0196581854981697,0.189133330092212,0.188926398405044,0.171834880838019,-0.234442730119598,-0.693627050097437,0.085137570602571,-0.0269134423290882,37.4,0
-0.724537277346647,1.04477246615952,0.681136838261338,-0.356350166862767,0.0321581036027887,-0.0008773469382769,0.0950736167060635,0.70260527491825,-0.42114892643199,-0.307320852854727,-0.25709716065837,-0.726374621712807,-1.92860866848065,1.01160890998962,0.429178921982679,0.958775498036552,-0.77763360466595,0.827058833943836,0.751173893615703,-0.0864949140856907,-0.231419072565941,-0.883981730144087,-0.0821886217098561,-0.916965158890228,-0.114069414393873,0.135538245136444,0.118387103621789,0.0318984371802437,9.98,0
-4.24163801213501,-4.47974710484814,1.50040042141877,0.761600726749628,2.53454763903121,-1.36992762172709,-1.28046166655434,0.110400213661684,1.66823458860148,-0.709295843025551,2.40367360608962,-1.40473614533009,2.92813024966884,1.37084756390263,1.61228584763305,-0.856012517939899,0.930796158373228,1.43983683608256,3.49886866841999,-0.240451453211538,-0.168899915831747,1.17498117256943,3.51039034311239,0.692636159326001,1.13929901377818,0.949596639229264,0.516918474398149,-0.34352211586447,25.88,0
1.15771829900494,-0.296878492845695,0.554692496954677,0.344899043917496,-0.875395218480711,-0.769152669030847,-0.163873945347232,-0.0849770145611418,0.738766807262976,-0.293869719377209,-0.719800965972486,0.0545433380699856,-0.806208313906766,0.0135821582122328,0.0097928613382962,-0.10349565209278,0.124587047244593,-0.76686407265783,0.414102061936875,-0.0383034785635957,-0.30411868145661,-0.863829910879149,0.0740212619238523,0.431187753855214,0.153294637967535,0.81937337461574,-0.0786293617165486,0.013892439273166,54.9,0
2.0546360971796,0.413351318681796,-2.34828653219401,0.455776900107002,0.819018806229179,-1.56326228817786,0.834267782176641,-0.560040150058064,-0.270380523488915,-0.315270397403089,0.272247261988794,0.677069176390701,1.04577928494874,-0.680065901796607,0.325314131054295,-0.157078209595444,0.705017144230525,-0.478806654990436,-0.420283641821701,-0.0675599566819373,0.0611123339563253,0.279905819137851,0.074336948260083,1.0803098741515,0.22836197806899,0.55651824907456,-0.0980973567657466,-0.0385995540462526,21.98,0
-2.07119768557839,1.86139225439228,0.160932359201946,-0.761763909389913,-0.705779595797895,0.540349606573323,-1.45938468632523,-2.28923521269141,0.320596252399227,-0.872493360922975,-2.05029185747037,0.631318550750707,0.849541768092376,0.180770408802916,-0.231486961477254,0.693064007845871,-0.262761573648108,0.483203108170271,-0.18670187199828,-0.962767918335487,3.41406650390183,-0.105260650829371,0.177024166147095,-0.621821471918083,-0.186729975865004,0.637493374239795,-0.087825328541081,0.0407488879563809,14.9,0
-0.578775472742852,0.966692838730523,1.39197017016324,-0.226393854596665,0.0799184337434998,-0.401844667213019,0.548831278454352,0.101083579724785,-0.462817525833382,-0.013971333611735,0.901268153533978,0.17478992515051,-0.658442103731176,0.41484113352971,0.254345525616627,0.51139851011353,-0.733030339626813,0.32530486444909,0.437195353608454,0.0548514702395347,-0.190709270689223,-0.593922813355624,-0.0248882188512163,-0.0356478472524772,-0.205910449692623,0.0648917956492605,0.126436810180972,0.0989930249237691,5.16,0
-0.560626891370928,0.837457722315481,2.76914054465173,0.0920306596803273,-0.298917265435126,-0.783367089869175,0.524506669316946,-0.295997414289318,1.48199251912317,-1.14039099512527,1.06796670670481,-2.39223145927483,1.31675148778332,1.34544692917391,0.603088039934,-0.583223267118927,0.68591935921676,0.165885023832787,0.137925555040251,0.0132411990683606,-0.247847406998998,-0.263094053704683,-0.186913679512795,0.763025984935803,0.125364671536318,-0.778934621486462,-0.0765640156703689,-0.137759768437239,2.12,0
1.97390609553024,-0.0635824244400732,-0.966269219448225,0.448359820863591,-0.0502361447718914,-0.385435099135346,-0.358912063825455,-0.0401636685445063,0.827107716776692,-0.514059293241042,-0.363053430699524,0.571960127627132,0.93700717010604,-1.42027309520175,0.634350292071561,0.75223968932009,0.343290630932597,-0.0726639259953101,-0.271009487569545,-0.0510227473159785,-0.313156035893685,-0.808488735347846,0.422462811167561,0.505678757832494,-0.577828810361401,0.0914083682299391,-0.0154396279729859,-0.0061536493868506,22.4,0
-0.736520463799727,0.891099332766501,1.68548127137706,-0.444145629552199,0.339445181659013,-0.94314224213699,0.705052210426121,0.0226427460731348,-0.815311049376152,-0.811214467884607,1.56065256316749,0.69052981886666,-0.0398134491230643,-0.208199262608566,-0.261688518753411,0.765058166224557,-0.424895944184873,0.231663817430032,-0.520521909278009,-0.0531941174275765,-0.125025481414275,-0.530936767096615,-0.051442665042977,0.483408153294685,-0.207145102838346,-0.0888168492977194,0.0348232562055085,0.110849588560632,1.98,0
-1.56190159711192,0.620524252510435,2.11665829238971,-0.469984781892551,-0.0342014991969167,0.860617068558464,-0.0433859464991528,0.174264318357221,1.8007411932484,-0.809390953499732,-1.34154298178461,0.162089797459798,0.0389205560039794,-3.01612679789626,-1.68544699188641,-0.107372226272371,0.968934301111334,0.0898185448735434,0.177290154472347,0.203561907107875,-0.31891337724541,-0.206014582117682,-0.432117260632722,0.578621625855018,0.465335808361603,0.62785265513458,-0.152392096112249,0.0771509706201493,31.16,0
0.850246143993089,-1.01885047487229,-0.607712473706201,-1.34647363758226,-0.398004445139379,-0.459208326552908,0.304595047647229,-0.103292605646239,1.03823536857079,-1.0573142094664,1.26848129990059,1.2903966955006,-0.352924672003599,0.568626288450591,0.362019296043032,-1.04515311546097,0.156120633683398,-0.224434599940032,1.01590408984766,0.318901453344751,0.145815417901695,0.159873766105907,-0.381601543333043,-0.214181152211598,0.672273514018428,0.104818223758646,-0.0442566769021912,0.0229265838038012,225.0,0
-0.720153636722951,1.14913264890099,1.56428274059644,-0.0534841303203006,-0.0949489766314477,-0.639595173558016,0.616382763150042,0.0688053917074619,-0.210083433571502,-0.0446142491814508,0.114312606471831,0.0815646617012284,-0.177400806761895,0.14519008215196,1.10701301042193,-0.202574529275193,0.0016992207796295,-0.906994451251323,-0.494763906782447,0.168413332042312,-0.212908838592234,-0.450247365791666,0.0826208132306495,0.37298970261521,-0.257862626492601,0.086755147808516,0.391287478711771,0.177944853022354,3.66,0
2.08686570313391,-0.0787767922666922,-1.64327753231994,-0.0697899036553876,0.804848086685189,0.182765208903014,0.101128024600422,-0.0975729249036296,0.149006461203837,0.194054971837254,0.192997914015881,1.40740471584832,1.46468205448445,0.141341069815293,-0.675715810985537,0.374821817921099,-1.02755753272563,-0.140439590949847,0.842045753048072,-0.0453384233292918,-0.293447656372505,-0.743219544649713,0.206112733266084,-0.316251736785927,-0.126454218008211,0.205755477638005,-0.0745476533077879,-0.0694899439278413,11.99,0
-0.336912951220815,0.880314506954629,0.741886705599737,0.656930451584892,-0.166512265563521,-0.170662933981083,0.271568713781045,0.501889697588249,0.312780060662766,-0.933473022228828,-1.68317573039449,0.526751152579357,-0.282072722636235,-0.0593648393254102,-1.6442256046954,-0.315883393294804,0.0368885854058489,-0.766360518439169,-0.0376300443923621,-0.340866370800369,-0.397179958173294,-1.06588433104167,0.263569177900509,-0.178202556688531,-0.548618595123291,-1.17032669155631,0.0012209641329444,0.0014620461441549,21.99,0
-1.2478889087286,-0.197384656292076,1.26497493757718,-0.274935797676957,1.54358284372205,-1.30633298150763,0.0384613240245492,0.0971104797579511,-0.678429367410184,-0.664177526736228,1.12742994014792,0.886178136481533,0.587612141873984,-0.284507958311079,-0.306098476730554,0.878982432734912,-0.660864264741275,0.379346581035347,-0.362278661735192,0.245788871623428,-0.0324808167828155,-0.526458387058846,0.193736759676469,-0.0413510927811897,-0.460004749672155,-0.127484471683888,0.0500904689000413,0.171728456129183,9.99,0
1.33359642433429,-0.855933145447116,0.878027921847059,-0.446916798406231,-1.23725880969417,0.0297576327969788,-1.24613531076465,0.0071102001104082,1.33985039074878,0.137143495630553,-0.475763756673586,-3.59558717375415,1.37950824916361,0.810303903750056,-0.240019243719514,1.43569578141333,0.777801804511819,-0.389610452147951,0.562866777151094,0.106083397052652,0.121111494169034,0.545623090775367,-0.226134794790581,-0.467295551040185,0.50750747477827,-0.0358780229323263,0.0094326220044901,0.0170472517130105,54.28,0
1.10281682946612,0.0038633539438759,0.729331644900606,1.38060978755182,-0.464603330659325,0.175443075825733,-0.323170031467215,0.257715961669663,0.408640670554309,0.0416126194185357,1.05348777857014,0.732964913104649,-1.34142950185115,0.312530099386699,-0.802381138618474,-0.512888898649155,0.16774048310883,-0.282570718999505,-0.174454428675291,-0.270754092705878,0.0160877357801763,0.259072065349397,-0.060801742177363,0.2150181667039,0.573602254717943,-0.267352080117643,0.0450274906230975,0.0069641513791264,1.0,0
-0.550477264081626,1.3468015838722,1.68926797853375,3.26158564370143,0.630193382098149,-0.501148097832242,0.984569881573034,-0.554952644410836,0.0079267550030206,0.911448610867658,0.594795918671197,-2.18782283826509,2.6990429881651,0.842933850747791,-2.00010128202178,0.501667934464884,-0.0973910818103031,-0.338919207721055,-2.3227257160003,-0.389624026169882,0.0615759159092233,0.735467081620903,0.171412572939208,0.878705456611484,-0.406082052327843,-0.1918395656315,-0.438389103931196,-0.23005850113679,9.48,0
-23.7610442653834,4.91131358043017,-15.7328879190347,-1.21516683329027,-16.4569419984867,-0.820777478745771,-8.29914009348101,12.7661123549729,-0.909163246101633,2.15187698423147,-4.79747346479757,4.0606285057944,3.270115459932,6.89406758192229,0.540252935463184,4.87036097505041,4.49850682509492,1.43254088814461,-2.63925622962588,-0.286483300962425,-0.0151403698324588,-1.59966944354381,-3.78030542252525,0.188133786148453,1.56499668164583,-0.133509006108632,-0.31360925313812,-0.503768426895124,152.65,0
-0.756618731859286,-0.24017295341617,1.34931019370263,0.809896088262386,0.831504564129788,-0.981953584715611,-0.286771951682616,0.167672841491901,-0.238853027851772,-0.0667964280854532,-0.414674212669483,-0.676472628184978,-1.30608865770187,0.628331980245333,1.72931008020614,-0.422951417843476,0.301202102061737,-0.457310116399516,0.616765540946491,0.175572284707109,-0.0158077886681328,-0.344933382684856,0.365466179685841,0.0279130417141863,-1.10533378078465,0.125948775387499,0.144727181991447,0.206658204294625,1.98,0
-0.845887447125107,0.778064763565924,-1.17303983980233,1.00644231757327,1.8364116578924,-1.30361246150563,0.842861414503197,0.0638829342659117,-1.23705908695333,-0.0037642157445739,-1.00943724277644,0.502744125337387,1.1302446338903,0.944121830906557,0.177056207678389,-0.825876813506571,-0.0722643516786975,-0.116381956965242,0.570435781316057,0.289285927679033,0.400624429320524,0.981104391228503,-0.189264638253012,0.722434868596926,-0.248431628067526,-0.424548847204323,0.373303272342626,0.0960947371460049,3.6,0
-1.27366058603541,0.144465863894982,1.48918831600092,-1.05133753613687,1.23720761513629,-1.1728146364033,0.662204908739162,-0.0450342968443214,-1.07119186890355,-0.728818802843838,1.17834466581906,1.04536810016399,0.784466451547226,0.309490153375983,-0.475764652214567,0.502653449808156,-0.827959314776846,-0.391989411337679,0.198651995726652,0.263955762291408,-0.277968347109002,-1.21345543237207,0.0313957701943637,0.0266604838170475,0.198178374192793,0.537458967368426,-0.118168305774647,0.0500675421513753,26.94,0
1.93222078233454,-0.290451368245924,-0.794649915115454,0.62815087163666,-0.400599890025079,-0.954276571375209,-0.0202615731795315,-0.270431982007389,0.699144725328469,0.0581320481951242,-0.763847949549241,0.572235484382872,0.477734334001205,0.048870501605331,0.213783771564495,0.0605131641039713,-0.437842744408657,-0.44379823176752,-0.158777643794051,-0.0941688366246038,-9.57668203294126e-05,0.071968795805207,0.175169665269183,0.0811102762351335,-0.206399784920085,0.217135085479067,-0.0458964439226163,-0.0436870131542999,54.95,0
2.05680835240617,-0.128690033364486,-1.37713412573151,0.273019499430466,0.201919594334446,-0.798485055207303,0.235388299421507,-0.321537557582801,0.523036827215328,0.0490481235904632,-1.2883664854755,0.431369347118694,0.603116338762163,0.158153225407119,0.048773091550964,0.0806825102288465,-0.562057734781735,-0.68906961323814,0.394788882770963,-0.118136790555087,-0.312870310962231,-0.807410649550421,0.224981906154031,-0.641980655001071,-0.202536445280599,0.234398314465531,-0.0742662336997364,-0.0611488139389517,29.99,0
1.05919214729079,0.184910750563388,0.164371053445611,0.892519458657816,0.168297778659191,-0.0012453296570376,0.249448209575771,0.0374228580588582,-0.435295701687249,0.0545675927705997,1.44941922889025,1.25964347086015,0.438071497175942,0.581327472496194,0.395510951455557,0.0971069928041448,-0.514185389392111,-0.591975886277209,-0.0576926115927976,-0.0027110316429881,-0.373062657662732,-1.23417086559661,0.142861303015138,-0.364615554063399,0.192870872173993,-0.82805964311165,0.0165989451676556,0.0239034621454061,64.39,0
1.35214248010846,-0.651243979510642,-0.885184147319065,-0.48156415812462,1.46965263761984,3.83011127229605,-1.08829011145992,0.914658298413932,-0.574352882842601,0.689797233808758,-0.855169552614281,0.0078489729227634,0.0965909230464087,-0.153924326538665,-0.355306341637599,-1.59540687626305,-0.233501108876013,1.40474992123362,-0.372700275974646,-0.434878125575321,-0.493306496097256,-0.859822030860904,-0.0609272737693324,0.976898093594921,0.755605065132878,-0.297771603562565,0.0689104774213789,0.0217279711331838,11.5,0
-1.11035416655325,0.499652175998161,2.59563377141449,2.58104454908863,0.952303676826574,0.103540947621806,-0.093595626365531,0.306775097306578,-1.15122577923891,0.376148300139742,-1.33964923230358,0.0748635375855244,1.11619869762335,-0.635892544254426,-0.931827269258739,1.59715861194519,-1.37037198670139,0.0037192551169741,-2.55107395523731,0.0148754046036475,0.213792881574939,0.384977524569766,0.0486402996307319,-0.0509345662247929,-0.439126183799617,-0.281320439778402,0.135057388782428,0.188608720041631,11.79,0
0.961670585445724,-1.27409951857699,0.659576263269765,-0.463497884570983,-1.61380193752015,-0.740800789781603,-0.588367341088262,-0.148747997980097,-0.530692175916764,0.493520191259123,-0.262521278214097,-0.578234908218263,0.268516243943572,-0.305150593934752,1.01607665388566,1.44507753788548,0.128397099451528,-1.1472829613421,0.340131877929914,0.522539522151727,0.253906962353792,0.154336269018685,-0.147035306894016,0.411513489712691,0.186442659141497,-0.321386595759538,-0.0109936944740077,0.0649859978297823,228.0,0
-1.14061979707764,0.495524885738739,1.88169903927497,1.74060522685381,1.43613138488,1.24737431611503,0.894023784572886,-0.248802607625526,-0.356885004171468,0.590683238318385,-1.99232789603859,-0.813812698900829,-0.130646349360675,-0.809820479882836,-0.542726996932977,-0.0620845553445632,-0.538973677090007,-0.401699072194757,-0.151995749543338,-0.139700985077146,-0.230859333028725,-0.0715487087765597,-0.703561831184337,-1.29442710142543,0.554924338546779,0.153972926186006,-0.409170399917046,-0.416254296967683,77.52,0
1.15566076272586,0.380253349832217,0.924419481486859,1.11720761520745,-0.380070477832389,-0.442339481588684,-0.0392668597692868,-0.0863908918070726,-0.0961903659206349,-0.129681734921413,0.472439485491544,1.38319523267779,1.73502282740015,-0.0681622961669612,1.20681259465414,-0.0957131807930322,-0.250314399918461,-0.961540832920256,-0.859655300807166,-0.0736432024576725,-0.125864161545709,-0.239207045875123,0.16585004921283,0.397352052012972,0.242334287902314,-0.618646605680846,0.0662267584634838,0.0373627383554512,0.12,0
2.08889969102206,0.137044733775652,-1.83601849975027,0.33749726476877,0.591875362844448,-0.620387605833406,0.15834847820743,-0.186182214987893,0.525808428755949,-0.383666205565591,-0.808994080820734,0.0218791976340517,0.0357053439590573,-0.84176441182661,0.283954464665773,0.352176120180772,0.421309503237351,-0.285548329858364,0.0988894930669522,-0.158178212979632,-0.380384164963162,-0.98453089251509,0.309450665413596,0.17118712686637,-0.2341691404969,0.196382266846787,-0.0603587661524369,-0.0344174959815254,1.29,0
1.23744971811642,-0.139654698277224,0.569472316536533,0.352674082768198,-0.540186058634114,0.0211820539394388,-0.579602606261799,0.234155413687192,0.447211550931013,0.138740923373771,0.339385166006195,-0.309204364842174,-1.54731416103691,0.557821268582109,0.866127386751744,1.09539468200258,-0.991990692473588,0.852701751981709,0.288399950766713,-0.1628933555799,-0.109313184528133,-0.429957743990806,-0.0013680209729745,-0.539068748851747,0.18002541675915,0.253563284869688,-0.0229845635157442,0.0041335184676925,6.42,0
1.39400541305126,-0.41786257113204,-0.351356768164645,-0.761659790358636,-0.399852534648566,-0.813777269362105,0.0070589333810797,-0.323499347542119,-1.13163791482661,0.658215116330499,-1.10428617525845,-0.216747428353505,0.640901387567673,0.222328189795491,0.705102580854641,-1.20025331409277,-0.239757391557439,0.599597195372951,-0.181660302896179,-0.357169983207464,-0.796229370592714,-1.95184701806558,0.111842613711057,-0.475664767343318,0.15716493102647,0.720481793772801,-0.0868250213556951,0.0053215514692986,49.99,0
-0.514641288727128,0.601012106775742,-0.613881735481385,1.5194447718727,1.23390393133642,-1.25570962666019,1.06127179741416,-0.150032935257694,-0.575470723422967,-0.951810209849811,-0.0652847368346985,-0.29571891043588,0.203446225271918,-1.98634174382584,0.846280510577071,0.284702266271457,1.60146320574049,0.671544729355757,0.165553721672019,0.591795980497028,-0.252566320859397,-0.935662597258711,0.355738632763228,-0.359594422631439,0.172038156262765,-0.716640583520354,0.20339688475635,0.0656886288557199,130.55,0
1.9027868379319,-0.220912886072889,-0.170651198577423,1.38240714713152,-0.642336878613826,-0.46776035327289,-0.451659859230369,0.0220389655014972,1.04784467575205,0.167315783373867,-1.01573296258396,-0.0210818214437379,-0.782404341157733,0.155346823516412,0.576566579445696,0.353522723184883,-0.554701250124891,-0.119488916702069,-0.530287077524094,-0.280831262051888,-0.162347434705157,-0.411838495533111,0.369059343131764,-0.109393850839423,-0.426311782410011,-0.935875046569022,0.0522657838921357,-0.0232453530719732,25.0,0
2.12584359462053,0.237876167858396,-2.12138107457401,0.285826923025192,0.73196938997501,-0.910879618451418,0.311509471135034,-0.377006723291974,0.538142763269306,-0.49557738700439,-1.13937654964018,0.156124154009174,0.997429282551997,-0.953259573421508,0.884297314244696,0.467582176962524,-0.0279651922724173,0.738879734573482,-0.0471823926339259,-0.114861285192448,0.138292838326318,0.615646453812211,-0.161135669812094,-1.0448426632432,0.418695418438623,-0.0420315469751555,0.0011173473932092,-0.0394258433046027,6.17,0
-1.62708491903056,0.731519720435649,0.646934093219047,0.18873802351658,-0.658966348807625,0.233086044018357,-0.418195199352497,0.887368789899428,-1.62425789168464,0.144045446796872,-2.13147211364906,-0.379033931091569,0.573118502164791,0.429694876600255,0.586697966940557,-1.4206350319761,0.198193281764862,1.82838775417859,0.0455826487696035,-0.35301373936384,-0.28114688158373,-0.524301754830425,-0.360931687629121,-0.824024837793836,0.656658534922766,-0.314096884106017,0.0153571531238129,-0.0643950604782603,59.0,0
0.894836423968537,-0.818494043956877,-1.23968304366691,-0.2030273371289,0.325753492093523,-0.0401739899864277,0.549076376892894,-0.128517888043406,-0.110592120258788,0.0086244235134123,-0.317757853435185,-0.44546267326349,-1.09786794110245,0.905117901529077,0.369295791976056,0.707181059994335,-0.951129563472675,0.590308327197588,0.985918548024131,0.43480301642876,0.0326015501275752,-0.570800307614416,-0.525384486603095,-1.32845514183905,0.60852204785647,1.1365175577396,-0.17820550405113,0.005923847230503,268.95,0
1.09028378297811,-0.644764593608414,0.473467099459772,0.286361067634676,-0.0181724207181431,2.12334651202832,-0.946145416418537,0.676785798743826,-0.714089536536075,0.60415817027263,1.30082292901608,1.19527767555604,0.152729185369474,-0.0199087200049597,-0.142150496250408,-2.90091123526684,1.0937256333029,-0.395624449025194,-1.88358925358993,-0.666601222810426,-0.289034154607046,0.0018600653232413,0.0481119152288607,-1.35557505415488,0.299000026576269,-0.182316437227,0.134440812935928,0.0005606785942047,11.5,0
-0.473238360477148,1.40496713050358,1.22879037403867,1.0951899238173,0.0137643552319846,0.607424364964029,-0.437653517483722,-2.28658150741072,-0.976164306911604,0.162572118226222,1.83729630541074,1.38349550512018,0.473735912489488,0.743105340336447,0.859497503057903,-0.312721399289999,0.13638108059159,-0.558115019782311,0.67397016306259,-0.40157571900535,1.86435779166999,-2.06899883529799,0.138778183810096,-0.0696497554092349,1.03299114118694,-0.517045868330607,0.194557760426329,0.165560953896213,7.99,0
-1.54697426024116,-0.373276067936876,1.84844356251277,-1.56687414568771,-0.934234186015569,-0.318165394949532,-0.617734050577924,0.596874877133406,-0.847588969502524,-0.36940403336154,-1.33657458712416,-0.599113241114604,0.650220678140728,-0.64639246296141,-0.22632042034829,1.60445878969874,0.0508655610195536,-0.72414457041548,0.102699543483584,0.490711484954373,0.415767501173865,0.849784241644539,-0.229439833740224,-0.0982095237023936,0.668034481560076,-0.086937376661595,0.167486685511656,-0.0190025274363411,91.0,0
-0.748778727679117,0.683131195762992,2.49962036045933,0.335992253838411,-0.0350341271078647,0.0487759457780687,0.509864087282654,-0.315304001486357,1.97307259481942,-0.171230953313348,0.842139587933593,-2.03674156116343,2.14940481043419,0.412057579767225,-0.663080440099154,-0.779199494912452,0.770628331023813,-0.431132010788669,-0.620602421259088,0.340542303762544,-0.107553218766258,0.729200154645626,-0.191435654552354,0.430307701881655,-0.222307079588469,0.37197072818143,0.136056311694192,-0.171197635129118,29.99,0
1.26377107083241,-0.108629472066504,0.28696020576978,-0.199246863048826,-0.321967374134059,-0.189252237199275,-0.300123421388528,0.0356845272656563,0.117676732219596,0.0127098014922962,0.717582071343599,0.626165969039949,0.208654617659792,0.276616559029921,0.567868193458111,0.883365231435557,-0.935838365354017,0.349742806651457,0.555194849625151,-0.0009114514308243,-0.126473037617529,-0.420482998089325,-0.0306528458787853,-0.44987030605473,0.196281892366234,0.905219540101585,-0.0760509538572742,-0.0057686025177491,16.9,0
-0.935528666325601,1.0127553598835,0.938892882021477,1.19816346830007,0.201496120941242,0.450415389153058,0.11606239146949,0.69701178686612,-0.731532908779356,-0.171312776323383,0.672893974065213,1.0336760463935,0.126759326632091,0.475692429260464,-0.514374336215258,-0.813988205239585,0.41798332923392,-0.0573811951945485,1.12406895264057,0.151228217663962,0.0665813744071314,0.310552141132365,-0.123475892802786,-0.277737148142281,-0.0415464082398166,-0.221742005230274,0.301029993396425,0.0962080547551663,23.92,0
-0.758908772455355,0.299788606506592,1.63218543740843,1.66967296659811,0.694310331588787,-1.02628277915167,0.155603082148995,-0.0888412766066538,-0.864953338313935,0.010867126690452,-0.289956594470944,0.0417803468193797,0.483471609476893,0.332419436332176,1.70384656495415,-0.700848519892675,0.218243052140027,0.18458917207537,1.42900171002078,0.410624676585292,0.150874862908379,0.260428309221933,-0.147898628872616,0.418823621755326,0.504873197389321,-0.0423338963880727,0.0095690561792524,0.0214070587149336,17.08,0
-8.05623811310997,6.87127777440798,-4.84266211912936,-2.61666341344278,-0.590611957682526,-0.426613755317189,0.168944071650674,1.02945776899683,6.00623599957842,9.37459992083277,0.707991917413187,0.466752857033969,-0.24560367100128,-2.89241948206622,-0.262917809850617,0.167316391700538,-0.337701454257765,0.0554398193022903,-0.553165717872118,3.83772106783699,-1.45708759723433,-1.46557458764457,0.3606704663551,-0.650901466452735,1.19469918126704,0.105034766976242,1.51246113595137,0.262152560944566,8.95,0
1.41344095074862,-1.25057262643182,-0.242213904506662,-1.57465242718662,-0.88251881823654,-0.161152956053344,-0.730839961381739,-0.244498377505273,-1.9137388695099,1.36397761500471,-1.55732638612395,-0.804289510228415,1.76213111818653,-0.566398291407674,0.573427140057701,-0.0259739186630147,-0.0541115626288117,0.314090220296013,0.242285982724108,-0.0023414897771619,-0.23051622607746,-0.455759080280056,-0.243596508605933,-0.994409944449845,0.569195095957514,-0.134664500564659,0.0145159221959501,0.0275595601921829,119.99,0
1.23771959902932,0.339754181474033,0.673236264188525,0.687112476052714,-0.540022377969183,-1.15343720915213,0.145303213859544,-0.290368353533547,-0.147283067429701,-0.0992326322367662,0.267946494273763,1.07394257448586,1.3798678005524,0.0356653389320233,0.884857733391425,0.154832948645114,-0.368256543602789,-0.786633322732144,-0.249785190223465,-0.0315911003710442,-0.222930785170714,-0.592412570525899,0.1632588519456,0.737145706522467,0.211719120748221,0.0705448639290031,-0.0213287547107376,0.0247769116793643,1.98,0
-1.76196645548164,-0.27079272929757,1.71474946906462,1.06734643298626,-1.72753352347616,1.90251883436648,0.935975811544928,0.918591477170768,-0.569074439417769,-1.0424537141726,1.13677777423734,0.504321838396387,-0.662944548948121,0.461700703688085,0.728949502462883,-0.256691497184919,0.387681817999859,0.224482575332269,-0.0113750410939694,0.789746188566989,0.446136681094951,0.51294391796514,0.84556817945913,-0.346832159028042,0.21647092190848,-0.233852589938525,-0.12359198198834,0.0436507275334694,439.57,0
1.23891596502954,0.253391174576089,0.648673481824715,0.698277848833878,-0.649623821711324,-1.18333484831681,0.0597192880381813,-0.219631131023335,0.0406212747579552,-0.0623009288639563,0.0564416941823914,0.414343145118796,0.139532760474908,0.282221946537615,1.02078530835443,0.212861664775503,-0.297421772432446,-0.634706286660534,-0.241064134410274,-0.113267296532967,-0.237849860222467,-0.693401971845882,0.179104928913958,0.703135798017939,0.170158509184824,0.0748169144028746,-0.0292299048537604,0.0219237001159143,0.89,0
-4.27177631697283,-4.37419609184986,-0.573335840545629,-0.545592937399145,0.621857489245988,-2.04362621108236,0.760177173328759,0.481369865976055,-0.118835770918478,-1.28758377537122,0.419865106402741,0.315768960367835,-1.45544260840278,0.968427226661719,-1.61440067851675,0.777497824673076,-0.564209401694358,0.153265738958041,-1.13578818844117,1.92545714811163,0.714506914082886,-0.231563844307768,1.25358961040743,0.337810657903354,-0.297353613276464,0.981913048588719,-0.0190420980636131,-0.368638565248501,569.0,0
-0.217629770472989,1.01757198694511,-0.0807942506373855,0.563917014546852,0.763836783589967,-0.54391477293071,1.50955249105641,-0.239226969928749,-0.738892470498461,-0.0643611733883155,0.527547880558103,0.415963229551018,-0.846601487616647,0.719318517052596,-1.3491645584007,-0.710848261173385,-0.291438724762387,0.0820958913042196,0.386022052485607,-0.235433979173999,0.213631827156614,0.725928530188393,-0.168507580267841,0.0128405068422866,-0.401473222119457,-0.627791629446542,0.113650769216928,0.184785764735225,59.99,0
2.01090452602145,-0.91387672788176,-0.0433353622886689,-0.929262293503097,-1.29316631598079,-0.276565220953997,-1.32623782032924,0.274454545811234,1.88719221451156,-0.157202563869249,0.417510658011854,-0.0401988407315602,-1.52987087502598,0.270913352465041,1.32236101703245,1.13721508034406,-1.07159762895579,1.29996701947723,0.257053472602981,-0.252553746433203,0.239200017003065,0.724699046190849,0.22395565277214,-0.398149008501123,-0.636705413496041,0.66486170604172,-0.0219460377549115,-0.0572291388518115,0.05,0
1.14551780979838,0.0091814777171298,1.08673986149235,1.32103841062191,-0.707311702950733,-0.0224095499771507,-0.46902470760059,0.0300312920064662,0.592861037152863,-0.118767715567169,-0.869626948639752,0.724019225690769,1.12194675876114,-0.469122174277032,0.506156994929033,0.346874249965671,-0.606086146409154,0.205541140646646,-0.364234716343452,-0.011035454383513,0.125789661591506,0.531456525855393,-0.16548207647798,0.0816302886265575,0.577622823733129,-0.226304570537288,0.0689901112320389,0.0386783205738881,30.0,0
-1.54969764436551,1.16969572656942,0.499318634305032,-1.354891082662,0.100537831165328,-0.70963108732294,0.288212100016756,0.688360176197772,-0.405262798364317,-1.57432680365443,-1.66054635869806,0.922680465714529,1.39676414104249,0.132634074154999,-1.11934231346894,0.866037380646304,-0.772967659807936,-0.531879476962954,-1.03066738640736,-0.388278993496352,-0.091369852432356,-0.506335526245585,-0.0540969291461695,-0.41170533995959,0.0808964253314626,0.136441850255421,-0.320500156385327,-0.0967333234022208,4.0,0
-0.323507204673814,0.792744748935201,1.24242183222437,0.576553035260928,0.253731611394966,-0.701656750361594,0.730840388009585,-0.286304142468935,-0.292110142724241,0.41601073569396,1.26184986210817,0.367712021444617,-0.635180220839016,0.290180006336223,-0.0294291084906267,0.153704135788431,-0.818515633392773,0.457970723318992,-0.115051779768634,-0.180173048185298,0.163265412137825,0.561549638612691,0.0409450649401817,0.502394655767583,-1.19533763510234,-0.743558350987341,-0.15348344926481,0.0100382489126781,12.99,0
-0.785346425335453,-0.178318665697079,2.05937080759905,0.641016926699566,0.290705452380326,-0.982783567556733,-0.2797910715929,0.105804218831413,0.442611705417184,-0.634374678152587,-0.642455457474008,1.0626738674883,1.06736825204617,-0.647387124713782,-0.749267087802317,0.0488060579174602,-0.499060244916861,-0.176770363290773,-0.937275668688577,0.0530450311730286,0.226996422130045,0.659263268381101,0.289846946300322,0.736355302160335,-1.05839849667048,-0.779799937031043,0.269110233128058,0.275517876934771,9.99,0
1.31103982048398,0.0625583086557992,0.0064344750498386,-0.323581918514768,0.0906998981613638,-0.178836099576632,-0.0200852156660307,-0.124335626894371,0.0970497666893059,-0.274681318921858,-0.512155268944807,0.750365823341976,1.60276765183969,-0.0587787114117757,1.29823776551532,0.1434136739566,-0.408051232265212,-0.842079424331233,0.0183854550661386,0.0185457299689116,-0.120157040680037,-0.226858251141722,-0.0471946667967849,-0.668704086849857,0.325009349146732,1.03756770807389,-0.0598381355632599,-0.0049649284570718,5.0,0
-1.2898722911526,-0.272295881732406,2.85122582876682,0.42190335557294,-0.0402830503328336,2.19498704542616,-0.404144767472715,0.0514485952355835,0.517261911377555,1.83770687856665,-0.400965557726054,0.492667717503219,0.612018752665623,-2.03241873640647,-1.64370799587591,-2.62878806873081,0.236045364845573,1.53225580550066,1.0201757034649,0.023127822206613,-0.774110275745518,-0.17851921664715,-0.152062161639745,-1.14219570796205,0.466976834267332,-0.0594560766696363,0.169675159106476,-0.47273052028531,10.0,0
2.08965037206361,-1.7653369563027,-1.10891181422365,-1.53364433219133,-1.22346836321958,-0.402988622262556,-0.998051378400404,-0.230868974119089,-1.11809354952925,1.48507051564372,-1.57562920607481,-0.777398144837927,0.988750146579498,-0.589308764767382,-0.0531393147269907,-0.343226353124888,0.233173596912748,0.0827599385741063,-0.0153161680979053,-0.145149556193075,-0.122794933045072,-0.0699331877763574,0.0533088049809808,-0.777825709504899,-0.198451052018246,-0.14222210755252,0.0026817543342245,-0.0322325441731237,139.4,0
-0.772339578889188,-0.85600895029951,-0.453867609763862,-1.33070905851122,-3.37653073670992,1.07621903333026,1.74940194721904,0.0392540260780082,-0.235148499723828,-0.872298675006903,-0.0781413039066498,0.55362438286136,0.327286673585645,0.22665878937732,1.45164223516423,-3.66927126258057,1.84566454668583,0.311049309590528,1.21466940326514,-0.401442480498909,-0.271174989932253,0.094187918946449,0.909346029927836,0.122889669523446,-1.36199401263693,-0.127616151786857,0.346489915390996,0.0341824818980319,579.23,0
2.05774837015717,-0.0498105340554734,-2.29358635986364,0.305171711148971,0.735225875874081,-1.01464950186554,0.721984688899899,-0.428190463600365,0.457188988801014,-0.0114560229564346,-1.230044948548,-0.0661807334749405,-0.65759081994569,0.739832014944503,-0.0785985158077196,-0.746078393411118,-0.205550774206048,-0.363106397272012,0.27889278625187,-0.18664438391142,0.123947385145352,0.442960749749276,-0.10829881836884,0.510010991320549,0.587490559237688,-0.0879780049788909,-0.0691380689425159,-0.0646594548494148,43.81,0
-0.663202350964068,-0.175256263868641,0.0816533080686399,-1.94637281937388,2.78164799440189,3.83496195306033,-0.30086886764891,0.86830153242306,0.889591195272564,-0.611391834233233,-0.36407544737062,0.034474108808352,-0.295012855696516,-0.424312776871488,0.256631036822032,0.134761981797261,-0.993695025383067,0.105263157766446,-1.04617595779339,-0.149132473712243,0.197780519210127,0.688637844438151,-0.273668463473627,0.719697132447258,0.100003218015069,-0.338729507111432,-0.363441285959258,-0.120391311531087,11.5,0
-0.360320491587687,1.02893686964368,0.625354472769826,0.979252889084099,-0.261268228983393,-0.368794259777871,0.288217798759152,0.457017152439754,-0.534707138443176,-0.398710109710959,-0.620748690730553,-0.466264850869355,-1.08755427563114,0.888305576306973,1.36144534008383,-0.381060915862762,0.302871247625369,-0.176296625103884,-0.0142833432899949,-0.190371968613416,0.202826993140543,0.437900958507826,0.0470351498643499,0.0494288917333173,-0.236047544886928,-0.295116200333696,-0.0436623006971464,-0.0222892885189892,34.59,0
1.33116443468719,-0.435667753300666,0.549586195629432,-0.644525845677358,-1.07975525223584,-0.817755494582381,-0.479852600330211,-0.155966905039927,-1.24994625699661,0.81408270092408,1.54728417559048,1.13119180160396,1.17155427248255,0.0876360175318456,0.0892038451039065,-1.12610788451984,-0.284510748462997,1.18606231283625,-0.555463596467593,-0.40344208461424,-0.375648177586302,-0.598392569367955,0.112908351923135,0.576793638589703,0.11668447553553,0.915872666785738,-0.0529730468908505,0.0042635189774686,10.0,0
-5.61551022229288,5.54574878259436,-3.89263412865884,-1.79437250264595,-0.651145487988281,-0.760883500838759,-0.213597432476905,1.3386669611527,3.51464055656106,5.66906181346627,-1.44808649199849,0.713167368018359,1.09485911731827,-0.406861355568817,0.72716301839753,-0.406259065153865,-0.495854096986893,0.048235744405629,-0.373598648485581,2.54479684028375,-0.211615567823275,0.76764563554132,0.21085581703965,-0.122258677663389,0.474033498287148,-0.156607667081671,1.87169651374529,0.900833006362069,1.79,0
-1.09475994924506,0.0982932180341701,1.244814139966,-2.23066787004895,0.0908383809651938,-0.0697471652173902,0.676576077782065,-0.402241080292822,1.21450036767316,-0.906715730053062,-0.49425437190849,0.478986360104874,1.12498472888281,-0.560468453753518,2.05749267146911,-0.424939533354811,-0.521785974056091,-0.156228216982613,0.799193305975925,-0.274790331805183,-0.0909658531834707,0.294072951656428,0.122872296595439,-0.709464184542723,-0.291804146360622,-0.129826837998786,-0.383200097589952,-0.159429270700204,59.45,0
-0.358703838539028,0.660954033661648,-1.07219084257184,-1.82060399407201,3.33771143201448,3.40590959411383,0.953896997188155,0.488307491489551,-0.106195887084749,-0.405945708380692,-0.166793367345814,-0.0682848702492602,-0.490952160989111,0.315013599388753,0.102858976915376,-0.726301823575105,-0.52916636041708,-0.60739670126433,-0.0341338148543896,-0.0951120277967851,-0.056031983124787,-0.0753832793751609,-0.13673429854065,0.693022870571582,-0.217727379665625,-0.517610760432968,-0.253443092791316,-0.0687854976644233,19.09,0
-0.730559306309251,2.70786704759983,-3.09625486245483,1.52279138464173,0.17159367016679,-1.27929253073103,-0.327541827252631,1.30872155605933,-0.730827783784839,-1.11659667091336,2.23497558314401,0.613925162644484,-0.133656540711805,-2.4894303042589,0.548442742260693,1.06542184946584,3.34157289983644,1.6454868768681,-0.554917592643559,0.0004128223773565,-0.0012775749127903,-0.0179815436461078,0.285141486189621,-0.340206897449342,-0.389191676966468,-0.372081283906196,0.104839592834801,-0.0658886185213523,1.79,0
